,match_id,date,time,week,season,teama_name,teamh_name,pts,ptsqf,yds,tds,tos,fdpc,sacks,sackyds,rtns,drives,drvtdpc,close,closeqf,score
429,201811190ram,2018-11-19,20:15:00,11,2018,Kansas City Chiefs,Los Angeles Rams,105,35,1001,11,7,1.0,8,64,0,30,0,1,1,9.600000000000001
243,202101030buf,2021-01-03,13:00:00,17,2020,Miami Dolphins,Buffalo Bills,82,34,909,9,6,0.0,2,20,1,29,0,1,1,8.180000000000001
593,201909290ram,2019-09-29,16:05:00,4,2019,Tampa Bay Buccaneers,Los Angeles Rams,95,44,982,10,5,0.0,4,36,0,24,0,0,0,8.18
124,202011080buf,2020-11-08,13:00:00,9,2020,Seattle Seahawks,Buffalo Bills,78,31,839,9,4,0.0,12,57,0,23,0,1,1,7.965000000000002
734,201912080nor,2019-12-08,13:00:00,14,2019,San Francisco 49ers,New Orleans Saints,94,26,981,12,2,0.0,3,30,0,24,0,1,1,7.950000000000001
602,201910060htx,2019-10-06,13:00:00,5,2019,Atlanta Falcons,Houston Texans,85,35,965,10,2,1.0,2,14,0,22,0,1,1,7.8100000000000005
421,201811180nyg,2018-11-18,13:00:00,11,2018,Tampa Bay Buccaneers,New York Giants,73,35,869,8,4,0.0,5,42,0,22,0,1,1,7.55
224,202012250nor,2020-12-25,16:30:00,16,2020,Minnesota Vikings,New Orleans Saints,85,27,947,12,2,0.0,2,17,0,22,0,1,1,7.545
207,202012140cle,2020-12-14,20:15:00,14,2020,Baltimore Ravens,Cleveland Browns,89,35,878,12,1,1.0,4,22,0,23,0,1,0,7.460000000000001
98,202010250cin,2020-10-25,13:00:00,7,2020,Cleveland Browns,Cincinnati Bengals,71,34,866,9,3,1.0,4,35,0,18,0,1,1,7.355
360,201810140nwe,2018-10-14,20:20:00,6,2018,Kansas City Chiefs,New England Patriots,83,30,946,8,3,0.0,2,13,0,23,0,1,1,7.305000000000001
212,202012200dal,2020-12-20,13:00:00,15,2020,San Francisco 49ers,Dallas Cowboys,74,26,749,8,4,1.0,4,28,1,27,0,1,1,7.239999999999999
509,201812300nyg,2018-12-30,13:00:00,17,2018,Dallas Cowboys,New York Giants,71,32,860,9,3,0.0,5,22,0,23,0,1,1,7.210000000000001
52,202010040dal,2020-10-04,13:00:00,4,2020,Cleveland Browns,Dallas Cowboys,87,32,1074,11,3,0.0,5,22,0,25,0,0,0,7.050000000000001
23,202009200dal,2020-09-20,13:00:00,2,2020,Atlanta Falcons,Dallas Cowboys,79,26,950,9,3,0.0,2,11,0,25,0,1,1,6.995000000000001
184,202012060crd,2020-12-06,16:05:00,13,2020,Los Angeles Rams,Arizona Cardinals,66,35,695,8,3,0.0,3,40,0,23,0,0,1,6.8500000000000005
254,202101030htx,2021-01-03,16:25:00,17,2020,Tennessee Titans,Houston Texans,79,20,949,9,2,0.0,6,36,0,21,0,1,1,6.840000000000001
115,202011010sea,2020-11-01,16:25:00,8,2020,San Francisco 49ers,Seattle Seahawks,64,30,701,9,2,1.0,5,35,0,21,0,1,1,6.795
216,202012200oti,2020-12-20,13:00:00,15,2020,Detroit Lions,Tennessee Titans,71,29,893,9,3,0.0,1,5,0,19,0,1,1,6.785000000000001
383,201810280cin,2018-10-28,13:00:00,8,2018,Tampa Bay Buccaneers,Cincinnati Bengals,71,21,978,8,4,0.0,8,36,0,26,0,1,1,6.72
241,202101030tam,2021-01-03,13:00:00,17,2020,Atlanta Falcons,Tampa Bay Buccaneers,71,28,870,8,3,0.0,2,15,0,19,0,1,1,6.715
521,201812300ram,2018-12-30,16:25:00,17,2018,San Francisco 49ers,Los Angeles Rams,80,18,768,9,4,0.0,3,18,0,23,0,1,1,6.710000000000001
34,202009270buf,2020-09-27,13:00:00,3,2020,Los Angeles Rams,Buffalo Bills,67,22,853,9,4,0.0,6,47,0,19,0,1,1,6.695000000000001
507,201812230sea,2018-12-23,20:20:00,16,2018,Kansas City Chiefs,Seattle Seahawks,69,28,883,8,2,1.0,4,25,0,23,0,1,1,6.6850000000000005
253,202101030den,2021-01-03,16:25:00,17,2020,Las Vegas Raiders,Denver Broncos,63,30,911,7,4,0.0,5,27,0,28,0,1,1,6.675000000000001
351,201810140nyj,2018-10-14,13:00:00,6,2018,Indianapolis Colts,New York Jets,76,23,802,6,6,0.0,2,13,0,26,0,1,1,6.6450000000000005
414,201811110ram,2018-11-11,16:25:00,10,2018,Seattle Seahawks,Los Angeles Rams,67,26,870,8,1,0.0,6,46,0,21,0,1,1,6.590000000000001
676,201911100oti,2019-11-10,13:00:00,10,2019,Kansas City Chiefs,Tennessee Titans,67,25,901,7,2,0.0,6,48,0,22,0,1,1,6.5200000000000005
798,202001120kan,2020-01-12,15:05:00,18,2019,Houston Texans,Kansas City Chiefs,82,10,876,10,2,0.0,6,45,0,25,0,1,1,6.505000000000001
693,201911170sfo,2019-11-17,16:05:00,11,2019,Arizona Cardinals,San Francisco 49ers,62,26,708,7,4,0.0,6,35,0,22,0,1,1,6.4750000000000005
4,202009130min,2020-09-13,13:00:00,1,2020,Green Bay Packers,Minnesota Vikings,77,38,904,9,1,0.0,2,11,0,20,0,0,0,6.475
289,201809160pit,2018-09-16,13:00:00,2,2018,Kansas City Chiefs,Pittsburgh Steelers,79,16,924,11,1,1.0,2,14,0,23,0,1,1,6.450000000000001
332,201810040nwe,2018-10-04,20:20:00,5,2018,Indianapolis Colts,New England Patriots,62,28,877,8,5,0.0,1,10,0,26,0,1,1,6.45
322,201809300atl,2018-09-30,13:00:00,4,2018,Cincinnati Bengals,Atlanta Falcons,73,18,902,9,1,0.0,6,45,0,19,0,1,1,6.445
400,201811040nor,2018-11-04,16:25:00,9,2018,Los Angeles Rams,New Orleans Saints,80,18,970,10,2,0.0,0,0,0,22,0,1,1,6.44
261,202101100pit,2021-01-10,20:15:00,18,2020,Cleveland Browns,Pittsburgh Steelers,85,27,943,10,5,1.0,0,0,0,27,0,0,0,6.42
109,202011010det,2020-11-01,13:00:00,8,2020,Indianapolis Colts,Detroit Lions,62,28,692,8,2,0.0,7,54,0,23,0,0,1,6.42
43,202009270sea,2020-09-27,16:25:00,3,2020,Dallas Cowboys,Seattle Seahawks,69,17,934,9,4,1.0,6,31,0,28,0,1,1,6.395000000000001
159,202011220rai,2020-11-22,20:20:00,11,2020,Kansas City Chiefs,Las Vegas Raiders,66,28,824,9,2,1.0,0,0,0,18,0,1,1,6.380000000000001
503,201812230phi,2018-12-23,13:00:00,16,2018,Houston Texans,Philadelphia Eagles,62,23,890,8,4,0.0,5,39,0,23,0,1,1,6.375000000000001
746,201912150was,2019-12-15,13:00:00,15,2019,Philadelphia Eagles,Washington Redskins,64,33,767,7,2,,3,18,0,20,0,0,1,6.36
158,202011220min,2020-11-22,16:25:00,11,2020,Dallas Cowboys,Minnesota Vikings,59,29,806,8,3,0.0,3,16,0,21,0,1,1,6.34
459,201812020pit,2018-12-02,20:20:00,13,2018,Los Angeles Chargers,Pittsburgh Steelers,63,25,707,7,1,1.0,3,23,1,20,0,1,1,6.335
67,202010110kan,2020-10-11,13:00:00,5,2020,Las Vegas Raiders,Kansas City Chiefs,72,24,903,9,2,0.0,4,8,0,23,0,0,1,6.330000000000001
403,201811080pit,2018-11-08,20:20:00,10,2018,Carolina Panthers,Pittsburgh Steelers,73,14,699,9,2,1.0,6,52,0,21,0,1,1,6.32
727,201912020sea,2019-12-02,20:15:00,13,2019,Minnesota Vikings,Seattle Seahawks,67,23,798,7,5,0.0,2,14,0,24,0,1,1,6.310000000000001
126,202011080kan,2020-11-08,13:00:00,9,2020,Carolina Panthers,Kansas City Chiefs,64,27,832,8,1,1.0,4,18,0,18,0,1,1,6.31
274,201809090mia,2018-09-09,13:00:00,1,2018,Tennessee Titans,Miami Dolphins,47,34,678,3,5,0.0,1,8,2,27,0,1,1,6.3
756,201912150dal,2019-12-15,16:25:00,15,2019,Los Angeles Rams,Dallas Cowboys,65,27,764,8,1,0.0,2,22,0,22,0,1,1,6.29
221,202012200nor,2020-12-20,16:25:00,15,2020,Kansas City Chiefs,New Orleans Saints,61,25,696,8,2,1.0,5,31,0,26,0,1,1,6.255000000000001
333,201810070car,2018-10-07,13:00:00,5,2018,New York Giants,Carolina Panthers,64,28,782,5,5,0.0,2,6,0,24,0,1,1,6.250000000000001
123,202011080atl,2020-11-08,13:00:00,9,2020,Denver Broncos,Atlanta Falcons,61,28,768,7,2,0.0,3,24,0,27,0,1,1,6.220000000000001
391,201811040car,2018-11-04,13:00:00,9,2018,Tampa Bay Buccaneers,Carolina Panthers,70,14,708,10,2,0.0,5,43,0,25,0,1,1,6.215000000000001
366,201810210chi,2018-10-21,13:00:00,7,2018,New England Patriots,Chicago Bears,69,14,834,7,5,1.0,3,18,1,26,0,1,1,6.21
707,201911240cle,2019-11-24,13:00:00,12,2019,Miami Dolphins,Cleveland Browns,65,20,751,8,3,0.0,5,29,0,22,0,1,1,6.185
24,202009200mia,2020-09-20,13:00:00,2,2020,Buffalo Bills,Miami Dolphins,59,29,933,7,1,0.0,4,21,0,22,0,1,1,6.1450000000000005
179,202012060chi,2020-12-06,13:00:00,13,2020,Detroit Lions,Chicago Bears,64,21,849,9,2,0.0,4,20,0,23,0,1,1,6.140000000000001
270,201809090nor,2018-09-09,13:00:00,1,2018,Tampa Bay Buccaneers,New Orleans Saints,88,23,1004,10,2,1.0,1,7,0,22,0,0,0,6.135000000000001
589,201909290det,2019-09-29,13:00:00,4,2019,Kansas City Chiefs,Detroit Lions,64,21,885,6,5,1.0,4,30,0,22,0,1,1,6.130000000000001
458,201812020sea,2018-12-02,16:25:00,13,2018,San Francisco 49ers,Seattle Seahawks,59,22,783,7,3,0.0,6,50,0,22,0,1,1,6.11
68,202010110pit,2020-10-11,13:00:00,5,2020,Philadelphia Eagles,Pittsburgh Steelers,67,14,703,9,3,0.0,6,42,0,20,0,1,1,6.11
16,202009170cle,2020-09-17,20:20:00,2,2020,Cincinnati Bengals,Cleveland Browns,65,21,787,8,2,0.0,3,31,0,19,0,1,1,6.095000000000001
652,201910270sfo,2019-10-27,16:05:00,8,2019,Carolina Panthers,San Francisco 49ers,64,10,618,8,4,0.0,10,77,0,29,0,1,1,6.065
244,202101030det,2021-01-03,13:00:00,17,2020,Minnesota Vikings,Detroit Lions,72,12,925,10,2,1.0,4,27,0,20,0,1,1,6.055
729,201912080atl,2019-12-08,13:00:00,14,2019,Carolina Panthers,Atlanta Falcons,60,20,806,6,4,,6,59,0,24,0,1,1,6.055
352,201810140atl,2018-10-14,13:00:00,6,2018,Tampa Bay Buccaneers,Atlanta Falcons,63,23,927,8,2,,3,14,0,21,0,1,1,6.050000000000001
631,201910200det,2019-10-20,13:00:00,7,2019,Minnesota Vikings,Detroit Lions,72,20,937,10,1,0.0,2,12,0,20,0,0,1,6.05
615,201910130tam,2019-10-13,09:30:00,6,2019,Carolina Panthers,Tampa Bay Buccaneers,63,26,675,7,8,0.0,9,53,0,32,0,0,0,6.045
250,202101030sfo,2021-01-03,16:25:00,17,2020,Seattle Seahawks,San Francisco 49ers,49,34,608,5,1,1.0,5,53,0,23,0,1,1,6.045
511,201812300tam,2018-12-30,13:00:00,17,2018,Atlanta Falcons,Tampa Bay Buccaneers,66,22,922,8,2,,2,7,0,24,0,1,1,6.035
630,201910200buf,2019-10-20,13:00:00,7,2019,Miami Dolphins,Buffalo Bills,52,29,686,5,2,1.0,3,24,1,19,0,1,1,6.0200000000000005
455,201812020rai,2018-12-02,16:05:00,13,2018,Kansas City Chiefs,Oakland Raiders,73,24,911,9,4,1.0,3,14,0,24,0,1,0,6.0200000000000005
477,201812130kan,2018-12-13,20:20:00,15,2018,Los Angeles Chargers,Kansas City Chiefs,57,22,701,8,2,1.0,7,34,0,18,0,1,1,6.010000000000001
531,201901130nwe,2019-01-13,13:05:00,18,2018,Los Angeles Chargers,New England Patriots,69,17,833,9,2,1.0,2,15,0,24,0,1,1,5.995000000000001
200,202012130rai,2020-12-13,16:05:00,14,2020,Indianapolis Colts,Las Vegas Raiders,71,24,880,7,3,,0,0,0,18,0,0,1,5.97
30,202009200sea,2020-09-20,20:20:00,2,2020,New England Patriots,Seattle Seahawks,65,20,893,8,2,1.0,3,13,0,20,0,1,1,5.945
590,201909290rav,2019-09-29,13:00:00,4,2019,Cleveland Browns,Baltimore Ravens,65,31,925,8,4,0.0,5,30,0,24,0,0,0,5.930000000000001
483,201812160min,2018-12-16,13:00:00,15,2018,Miami Dolphins,Minnesota Vikings,58,17,611,6,1,0.0,11,88,0,24,0,1,1,5.9
334,201810070pit,2018-10-07,13:00:00,5,2018,Atlanta Falcons,Pittsburgh Steelers,58,21,705,7,2,0.0,6,43,0,21,0,1,1,5.8950000000000005
733,201912080tam,2019-12-08,13:00:00,14,2019,Indianapolis Colts,Tampa Bay Buccaneers,73,10,851,8,5,0.0,2,15,0,25,0,1,1,5.875000000000001
721,201912010mia,2019-12-01,13:00:00,13,2019,Philadelphia Eagles,Miami Dolphins,68,14,795,8,2,1.0,5,31,0,22,0,1,1,5.875000000000001
744,201912120rav,2019-12-12,20:20:00,15,2019,New York Jets,Baltimore Ravens,63,21,740,8,2,0.0,2,11,0,24,0,1,1,5.875
72,202010110dal,2020-10-11,16:25:00,5,2020,New York Giants,Dallas Cowboys,71,17,702,5,3,,4,23,0,20,0,1,1,5.875
550,201909090nor,2019-09-09,19:10:00,1,2019,Houston Texans,New Orleans Saints,58,20,924,7,2,1.0,7,42,0,19,0,1,1,5.87
469,201812090mia,2018-12-09,13:00:00,14,2018,New England Patriots,Miami Dolphins,67,12,833,9,0,,7,56,0,22,0,1,1,5.860000000000001
99,202010250rai,2020-10-25,16:05:00,7,2020,Tampa Bay Buccaneers,Las Vegas Raiders,65,24,801,8,1,0.0,3,13,0,21,0,0,1,5.855
655,201910270kan,2019-10-27,20:20:00,8,2019,Green Bay Packers,Kansas City Chiefs,55,21,711,7,1,,7,67,0,19,0,1,1,5.855
229,202012270htx,2020-12-27,13:00:00,16,2020,Cincinnati Bengals,Houston Texans,68,20,1028,8,1,0.0,1,2,0,22,0,1,1,5.85
623,201910130crd,2019-10-13,16:05:00,6,2019,Atlanta Falcons,Arizona Cardinals,67,20,886,8,0,1.0,2,15,0,19,0,1,1,5.835
783,201912290cin,2019-12-29,13:00:00,17,2019,Cleveland Browns,Cincinnati Bengals,56,17,674,7,4,1.0,7,48,0,23,0,1,1,5.800000000000001
385,201810280rai,2018-10-28,16:05:00,8,2018,Indianapolis Colts,Oakland Raiders,70,21,808,9,1,0.0,0,0,0,18,0,0,1,5.790000000000001
708,201911240oti,2019-11-24,16:05:00,12,2019,Jacksonville Jaguars,Tennessee Titans,62,16,840,8,3,0.0,4,27,0,24,0,1,1,5.775
194,202012130mia,2020-12-13,13:00:00,14,2020,Kansas City Chiefs,Miami Dolphins,60,20,815,6,5,1.0,7,68,1,27,0,1,0,5.77
728,201912050chi,2019-12-05,20:20:00,14,2019,Dallas Cowboys,Chicago Bears,55,24,790,7,2,0.0,4,21,0,24,0,1,1,5.765000000000001
174,202011290gnb,2020-11-29,20:20:00,12,2020,Chicago Bears,Green Bay Packers,66,15,743,8,3,1.0,3,13,0,18,0,1,1,5.765000000000001
267,202101240kan,2021-01-24,18:40:00,18,2020,Buffalo Bills,Kansas City Chiefs,62,16,802,7,2,1.0,5,53,0,19,0,1,1,5.765
800,202001190kan,2020-01-19,15:05:00,18,2019,Tennessee Titans,Kansas City Chiefs,59,21,699,8,0,0.0,5,29,0,18,0,1,1,5.765
752,201912150nyg,2019-12-15,13:00:00,15,2019,Miami Dolphins,New York Giants,56,20,796,7,4,0.0,4,27,0,26,0,1,1,5.755000000000001
718,201912010car,2019-12-01,13:00:00,13,2019,Washington Redskins,Carolina Panthers,50,21,640,6,2,0.0,12,98,0,26,0,0,1,5.74
762,201912210sfo,2019-12-21,20:15:00,16,2019,Los Angeles Rams,San Francisco 49ers,65,13,729,7,3,,6,33,0,26,0,1,1,5.7250000000000005
22,202009200oti,2020-09-20,13:00:00,2,2020,Jacksonville Jaguars,Tennessee Titans,63,16,834,8,2,1.0,3,32,0,19,0,1,1,5.720000000000001
785,201912290ram,2019-12-29,16:25:00,17,2019,Arizona Cardinals,Los Angeles Rams,55,21,817,7,5,0.0,2,11,0,24,0,1,1,5.695
37,202009270nwe,2020-09-27,13:00:00,3,2020,Las Vegas Raiders,New England Patriots,56,23,781,5,4,,4,18,0,22,0,1,1,5.69
677,201911100tam,2019-11-10,13:00:00,10,2019,Arizona Cardinals,Tampa Bay Buccaneers,57,17,874,6,5,0.0,6,27,0,25,0,1,1,5.675000000000001
621,201910130cle,2019-10-13,13:00:00,6,2019,Seattle Seahawks,Cleveland Browns,60,15,860,8,5,0.0,3,11,0,24,0,1,1,5.675
577,201909220tam,2019-09-22,16:05:00,3,2019,New York Giants,Tampa Bay Buccaneers,63,10,883,7,3,1.0,9,49,0,25,0,1,1,5.665000000000001
513,201812300buf,2018-12-30,13:00:00,17,2018,Miami Dolphins,Buffalo Bills,59,14,606,7,5,0.0,5,33,0,25,0,1,1,5.665
757,201912150sfo,2019-12-15,16:25:00,15,2019,Atlanta Falcons,San Francisco 49ers,51,28,603,5,3,1.0,3,16,0,20,0,1,1,5.66
376,201810250htx,2018-10-25,20:20:00,8,2018,Miami Dolphins,Houston Texans,65,17,797,8,1,0.0,2,15,0,24,0,1,1,5.655
76,202010130oti,2020-10-13,19:00:00,5,2020,Buffalo Bills,Tennessee Titans,58,20,704,8,3,1.0,1,10,0,18,0,1,1,5.6499999999999995
431,201811220dal,2018-11-22,16:30:00,12,2018,Washington Redskins,Dallas Cowboys,54,17,735,7,3,0.0,7,48,0,26,0,1,1,5.640000000000001
40,202009270cle,2020-09-27,13:00:00,3,2020,Washington Football Team,Cleveland Browns,54,17,609,7,5,1.0,5,32,0,23,0,1,1,5.640000000000001
296,201809160sfo,2018-09-16,16:05:00,2,2018,Detroit Lions,San Francisco 49ers,57,17,773,6,1,0.0,8,68,0,25,0,1,1,5.640000000000001
33,202009270atl,2020-09-27,13:00:00,3,2020,Chicago Bears,Atlanta Falcons,56,20,808,7,3,0.0,4,20,0,28,0,1,1,5.640000000000001
659,201911030car,2019-11-03,13:00:00,9,2019,Tennessee Titans,Carolina Panthers,50,19,801,7,4,1.0,7,39,0,24,0,1,1,5.635000000000001
644,201910270det,2019-10-27,13:00:00,8,2019,New York Giants,Detroit Lions,57,14,745,7,3,0.0,7,58,0,21,0,1,1,5.630000000000001
187,202012060gnb,2020-12-06,16:25:00,13,2020,Philadelphia Eagles,Green Bay Packers,46,23,715,5,1,1.0,9,34,1,19,0,1,1,5.63
574,201909220kan,2019-09-22,13:00:00,3,2019,Baltimore Ravens,Kansas City Chiefs,61,18,955,8,0,0.0,4,29,0,19,0,1,1,5.625
635,201910200gnb,2019-10-20,13:00:00,7,2019,Oakland Raiders,Green Bay Packers,66,14,965,9,2,0.0,1,8,0,20,0,1,1,5.62
0,202009100kan,2020-09-10,20:20:00,1,2020,Houston Texans,Kansas City Chiefs,54,23,729,7,1,1.0,5,19,0,18,0,1,1,5.615
755,201912150crd,2019-12-15,16:05:00,15,2019,Cleveland Browns,Arizona Cardinals,62,17,838,8,3,1.0,1,6,0,20,0,1,1,5.61
665,201911030rai,2019-11-03,16:05:00,9,2019,Detroit Lions,Oakland Raiders,55,21,923,7,2,0.0,3,33,0,20,0,1,1,5.605
670,201911040nyg,2019-11-04,20:15:00,9,2019,Dallas Cowboys,New York Giants,55,24,700,4,5,1.0,5,39,0,22,0,0,1,5.585000000000001
701,201911240nor,2019-11-24,13:00:00,12,2019,Carolina Panthers,New Orleans Saints,65,10,769,8,2,0.0,6,37,0,21,0,1,1,5.585
20,202009200gnb,2020-09-20,13:00:00,2,2020,Detroit Lions,Green Bay Packers,63,15,795,7,1,0.0,5,37,0,21,0,1,1,5.585
478,201812150nyj,2018-12-15,16:30:00,15,2018,Houston Texans,New York Jets,51,20,604,5,1,0.0,9,80,0,23,0,1,1,5.580000000000001
134,202011150det,2020-11-15,13:00:00,10,2020,Washington Football Team,Detroit Lions,57,23,836,6,1,1.0,3,24,0,20,0,1,1,5.58
197,202012130car,2020-12-13,13:00:00,14,2020,Denver Broncos,Carolina Panthers,59,24,735,7,1,0.0,5,49,1,21,0,1,0,5.575
183,202012060oti,2020-12-06,13:00:00,13,2020,Cleveland Browns,Tennessee Titans,76,14,889,9,4,0.0,3,20,0,24,0,1,0,5.57
79,202010180phi,2020-10-18,13:00:00,6,2020,Baltimore Ravens,Philadelphia Eagles,58,28,719,6,1,0.0,9,56,0,28,0,1,0,5.57
162,202011260dal,2020-11-26,16:30:00,12,2020,Washington Football Team,Dallas Cowboys,57,21,585,5,3,0.0,7,49,0,22,0,0,1,5.555000000000001
300,201809170chi,2018-09-17,20:15:00,2,2018,Seattle Seahawks,Chicago Bears,41,28,547,4,4,1.0,8,39,0,23,0,1,1,5.555000000000001
281,201809090den,2018-09-09,16:25:00,1,2018,Seattle Seahawks,Denver Broncos,51,14,776,6,6,,7,61,0,29,0,1,1,5.545
55,202010040tam,2020-10-04,13:00:00,4,2020,Los Angeles Chargers,Tampa Bay Buccaneers,69,10,808,8,3,1.0,2,12,0,23,0,1,1,5.54
409,201811110chi,2018-11-11,13:00:00,10,2018,Detroit Lions,Chicago Bears,56,12,707,8,3,0.0,7,52,0,23,0,1,1,5.54
19,202009200tam,2020-09-20,13:00:00,2,2020,Carolina Panthers,Tampa Bay Buccaneers,48,20,766,6,6,0.0,5,27,0,23,0,1,1,5.535
801,202001190sfo,2020-01-19,18:40:00,18,2019,Green Bay Packers,San Francisco 49ers,57,16,712,7,3,1.0,4,38,0,20,0,1,1,5.530000000000001
678,201911100nyj,2019-11-10,13:00:00,10,2019,New York Giants,New York Jets,61,10,575,7,2,0.0,8,62,0,25,0,1,1,5.53
361,201810150gnb,2018-10-15,20:15:00,6,2018,San Francisco 49ers,Green Bay Packers,63,13,922,6,3,0.0,5,38,0,24,0,1,1,5.53
111,202011010cin,2020-11-01,13:00:00,8,2020,Tennessee Titans,Cincinnati Bengals,51,27,808,7,1,1.0,1,10,0,17,0,1,1,5.53
691,201911170rav,2019-11-17,13:00:00,11,2019,Houston Texans,Baltimore Ravens,48,21,723,6,2,0.0,7,59,0,21,0,1,1,5.515
484,201812160atl,2018-12-16,13:00:00,15,2018,Arizona Cardinals,Atlanta Falcons,54,14,688,6,3,1.0,9,61,0,26,0,1,1,5.505
339,201810070det,2018-10-07,13:00:00,5,2018,Green Bay Packers,Detroit Lions,54,16,785,7,3,1.0,7,32,0,23,0,1,1,5.500000000000001
428,201811180chi,2018-11-18,20:20:00,11,2018,Minnesota Vikings,Chicago Bears,45,28,576,3,6,1.0,3,21,0,22,0,1,1,5.485
346,201810080nor,2018-10-08,20:15:00,5,2018,Washington Redskins,New Orleans Saints,62,9,730,8,3,0.0,5,45,0,19,0,1,1,5.485
46,202009270nor,2020-09-27,20:20:00,3,2020,Green Bay Packers,New Orleans Saints,67,13,766,7,1,0.0,3,25,0,20,0,1,1,5.485
291,201809160atl,2018-09-16,13:00:00,2,2018,Carolina Panthers,Atlanta Falcons,55,21,881,7,2,1.0,2,17,0,21,0,1,1,5.485
178,202012060nyj,2020-12-06,13:00:00,13,2020,Las Vegas Raiders,New York Jets,59,22,816,8,5,0.0,5,29,0,24,0,1,0,5.475
168,202011290clt,2020-11-29,13:00:00,12,2020,Tennessee Titans,Indianapolis Colts,71,19,785,9,1,0.0,3,16,1,23,0,0,0,5.46
114,202011010den,2020-11-01,16:05:00,8,2020,Los Angeles Chargers,Denver Broncos,61,27,836,7,3,0.0,4,8,0,25,0,1,0,5.45
31,202009210rai,2020-09-21,20:15:00,2,2020,New Orleans Saints,Las Vegas Raiders,58,17,801,7,2,1.0,3,23,0,18,0,1,1,5.4350000000000005
137,202011150car,2020-11-15,13:00:00,10,2020,Tampa Bay Buccaneers,Carolina Panthers,69,23,731,8,2,0.0,4,33,0,22,0,0,0,5.425000000000001
60,202010040sfo,2020-10-04,20:20:00,4,2020,Philadelphia Eagles,San Francisco 49ers,45,20,684,5,4,0.0,8,56,0,22,0,1,1,5.420000000000001
726,201912010htx,2019-12-01,20:20:00,13,2019,New England Patriots,Houston Texans,50,20,724,7,1,0.0,6,39,0,21,0,1,1,5.415000000000001
204,202012130det,2020-12-13,16:25:00,14,2020,Green Bay Packers,Detroit Lions,55,20,703,7,0,,4,31,0,16,0,1,1,5.415000000000001
161,202011260det,2020-11-26,12:30:00,12,2020,Houston Texans,Detroit Lions,66,23,772,7,4,0.0,6,27,0,24,0,0,0,5.415
129,202011080crd,2020-11-08,16:25:00,9,2020,Miami Dolphins,Arizona Cardinals,65,10,754,7,1,0.0,4,46,0,18,0,1,1,5.370000000000001
579,201909220sea,2019-09-22,16:25:00,3,2019,New Orleans Saints,Seattle Seahawks,60,26,779,7,2,0.0,0,0,1,22,0,1,0,5.37
139,202011150rai,2020-11-15,16:05:00,10,2020,Denver Broncos,Las Vegas Raiders,49,23,670,5,5,1.0,2,10,0,25,0,1,1,5.37
57,202010040mia,2020-10-04,13:00:00,4,2020,Seattle Seahawks,Miami Dolphins,54,25,856,5,3,0.0,3,20,0,19,0,0,1,5.37
36,202009270min,2020-09-27,13:00:00,3,2020,Tennessee Titans,Minnesota Vikings,61,12,908,6,4,0.0,4,24,0,26,0,1,1,5.36
155,202011220sdg,2020-11-22,16:05:00,11,2020,New York Jets,Los Angeles Chargers,62,12,668,7,2,0.0,4,28,0,20,0,1,1,5.36
11,202009130nor,2020-09-13,16:25:00,1,2020,Tampa Bay Buccaneers,New Orleans Saints,57,16,581,6,3,0.0,4,24,0,26,0,1,1,5.36
375,201810220atl,2018-10-22,20:15:00,7,2018,New York Giants,Atlanta Falcons,43,27,856,4,1,0.0,7,50,0,20,0,1,1,5.3500000000000005
48,202010010nyj,2020-10-01,20:20:00,4,2020,Denver Broncos,New York Jets,65,25,680,5,3,0.0,6,54,0,24,0,0,0,5.35
121,202011080min,2020-11-08,13:00:00,9,2020,Detroit Lions,Minnesota Vikings,54,17,908,7,3,0.0,3,21,0,22,0,1,1,5.345000000000001
141,202011150crd,2020-11-15,16:05:00,10,2020,Buffalo Bills,Arizona Cardinals,62,13,822,6,4,1.0,3,9,0,24,0,1,1,5.345
59,202010040rai,2020-10-04,16:25:00,4,2020,Buffalo Bills,Las Vegas Raiders,53,20,720,6,2,0.0,3,28,0,19,0,1,1,5.34
18,202009200pit,2020-09-20,13:00:00,2,2020,Denver Broncos,Pittsburgh Steelers,47,16,729,5,4,0.0,8,71,0,27,0,1,1,5.335000000000001
379,201810280car,2018-10-28,13:00:00,8,2018,Baltimore Ravens,Carolina Panthers,57,16,711,7,3,0.0,2,14,0,21,0,1,1,5.330000000000001
438,201811250car,2018-11-25,13:00:00,12,2018,Seattle Seahawks,Carolina Panthers,57,20,873,6,1,0.0,2,17,0,18,0,1,1,5.325
787,201912290dal,2019-12-29,16:25:00,17,2019,Washington Redskins,Dallas Cowboys,63,10,788,6,3,0.0,5,32,0,27,0,1,1,5.32
386,201810280ram,2018-10-28,16:25:00,8,2018,Green Bay Packers,Los Angeles Rams,56,13,775,6,1,1.0,8,59,0,26,0,1,1,5.315000000000001
432,201811220nor,2018-11-22,20:20:00,12,2018,Atlanta Falcons,New Orleans Saints,48,14,678,6,5,0.0,8,46,0,21,0,1,1,5.3100000000000005
219,202012200crd,2020-12-20,16:05:00,15,2020,Philadelphia Eagles,Arizona Cardinals,59,7,948,8,3,0.0,7,42,0,26,0,1,1,5.3100000000000005
82,202010180min,2020-10-18,13:00:00,6,2020,Atlanta Falcons,Minnesota Vikings,63,26,827,7,4,0.0,3,18,0,24,0,0,0,5.3100000000000005
769,201912220clt,2019-12-22,13:00:00,16,2019,Carolina Panthers,Indianapolis Colts,44,14,610,3,3,0.0,8,50,2,20,0,1,1,5.3100000000000005
442,201811250clt,2018-11-25,16:25:00,12,2018,Miami Dolphins,Indianapolis Colts,51,20,769,6,4,1.0,2,13,0,24,0,1,1,5.305000000000001
227,202012260rai,2020-12-26,20:15:00,16,2020,Miami Dolphins,Las Vegas Raiders,51,22,801,4,1,0.0,6,45,0,23,0,1,1,5.305
608,201910060car,2019-10-06,13:00:00,5,2019,Jacksonville Jaguars,Carolina Panthers,61,9,952,7,3,0.0,5,37,0,26,0,1,1,5.305
27,202009200crd,2020-09-20,16:05:00,2,2020,Washington Football Team,Arizona Cardinals,45,22,754,5,3,1.0,7,32,0,23,0,1,1,5.300000000000001
342,201810070sea,2018-10-07,16:25:00,5,2018,Los Angeles Rams,Seattle Seahawks,64,9,841,8,2,1.0,3,23,0,19,0,1,1,5.295000000000001
778,201912290kan,2019-12-29,13:00:00,17,2019,Los Angeles Chargers,Kansas City Chiefs,52,14,702,6,3,0.0,3,23,1,18,0,1,1,5.295
750,201912150oti,2019-12-15,13:00:00,15,2019,Houston Texans,Tennessee Titans,45,24,806,6,3,0.0,3,19,0,21,0,1,1,5.295
606,201910060nor,2019-10-06,13:00:00,5,2019,Tampa Bay Buccaneers,New Orleans Saints,55,14,709,7,1,0.0,6,46,0,22,0,1,1,5.290000000000001
70,202010110htx,2020-10-11,13:00:00,5,2020,Jacksonville Jaguars,Houston Texans,44,24,850,5,4,0.0,5,14,0,20,0,1,1,5.290000000000001
278,201809090sdg,2018-09-09,16:05:00,1,2018,Kansas City Chiefs,Los Angeles Chargers,66,23,903,7,2,1.0,2,6,1,22,0,0,0,5.29
108,202011010rav,2020-11-01,13:00:00,8,2020,Pittsburgh Steelers,Baltimore Ravens,52,14,678,6,5,0.0,6,25,0,22,0,1,1,5.285
215,202012200atl,2020-12-20,13:00:00,15,2020,Tampa Bay Buccaneers,Atlanta Falcons,58,13,785,7,0,0.0,6,49,0,23,0,1,1,5.285
101,202010250den,2020-10-25,16:25:00,7,2020,Kansas City Chiefs,Denver Broncos,59,20,697,5,5,0.0,7,48,1,24,0,0,0,5.28
784,201912290jax,2019-12-29,16:25:00,17,2019,Indianapolis Colts,Jacksonville Jaguars,58,14,628,5,3,0.0,6,28,0,20,0,1,1,5.279999999999999
256,202101090buf,2021-01-09,13:05:00,18,2020,Indianapolis Colts,Buffalo Bills,51,24,869,6,0,0.0,2,23,0,19,0,1,1,5.275
56,202010040cin,2020-10-04,13:00:00,4,2020,Jacksonville Jaguars,Cincinnati Bengals,58,18,934,5,2,1.0,4,11,0,21,0,1,1,5.2749999999999995
539,201909080phi,2019-09-08,13:00:00,1,2019,Washington Redskins,Philadelphia Eagles,59,18,834,7,0,0.0,2,10,0,20,0,1,1,5.27
74,202010110sea,2020-10-11,20:20:00,5,2020,Minnesota Vikings,Seattle Seahawks,53,13,763,7,3,0.0,7,28,0,22,0,1,1,5.260000000000001
1,202009130atl,2020-09-13,13:00:00,1,2020,Seattle Seahawks,Atlanta Falcons,63,23,889,8,2,0.0,5,39,0,23,0,0,0,5.255000000000001
686,201911170det,2019-11-17,13:00:00,11,2019,Dallas Cowboys,Detroit Lions,62,14,821,8,1,,4,28,0,22,0,0,1,5.25
638,201910200chi,2019-10-20,16:25:00,7,2019,New Orleans Saints,Chicago Bears,61,25,676,6,2,0.0,3,24,1,27,0,0,0,5.24
463,201812090gnb,2018-12-09,13:00:00,14,2018,Atlanta Falcons,Green Bay Packers,54,13,644,6,2,1.0,6,59,0,20,0,1,1,5.235000000000001
258,202101090was,2021-01-09,20:15:00,18,2020,Tampa Bay Buccaneers,Washington Football Team,54,20,882,6,2,0.0,5,33,0,24,0,0,1,5.235
687,201911170was,2019-11-17,13:00:00,11,2019,New York Jets,Washington Redskins,51,28,625,7,3,0.0,8,51,0,25,0,0,0,5.235
213,202012200min,2020-12-20,13:00:00,15,2020,Chicago Bears,Minnesota Vikings,60,13,804,6,2,0.0,4,26,0,20,0,1,1,5.2299999999999995
317,201809270ram,2018-09-27,20:20:00,4,2018,Minnesota Vikings,Los Angeles Rams,69,3,1002,8,1,0.0,5,39,0,23,0,1,1,5.215000000000001
324,201809300chi,2018-09-30,13:00:00,4,2018,Tampa Bay Buccaneers,Chicago Bears,58,10,794,7,3,1.0,5,30,0,21,0,1,1,5.210000000000001
338,201810070nyj,2018-10-07,13:00:00,5,2018,Denver Broncos,New York Jets,50,16,948,6,3,0.0,5,42,0,26,0,1,1,5.21
214,202012200rav,2020-12-20,13:00:00,15,2020,Jacksonville Jaguars,Baltimore Ravens,54,14,676,7,2,0.0,6,21,0,19,0,1,1,5.205000000000001
91,202010220phi,2020-10-22,20:20:00,7,2020,New York Giants,Philadelphia Eagles,43,19,767,6,4,0.0,6,35,0,26,0,1,1,5.194999999999999
669,201911030rav,2019-11-03,20:20:00,9,2019,New England Patriots,Baltimore Ravens,57,13,714,6,4,1.0,3,18,0,21,0,1,1,5.19
285,201809130cin,2018-09-13,20:20:00,2,2018,Baltimore Ravens,Cincinnati Bengals,57,12,798,7,3,0.0,4,17,0,26,0,1,1,5.1850000000000005
272,201809090clt,2018-09-09,13:00:00,1,2018,Cincinnati Bengals,Indianapolis Colts,57,17,710,5,4,,4,28,0,21,0,0,1,5.17
740,201912080rai,2019-12-08,16:25:00,14,2019,Tennessee Titans,Oakland Raiders,63,14,907,8,2,0.0,2,4,0,20,0,0,1,5.17
415,201811110phi,2018-11-11,20:20:00,10,2018,Dallas Cowboys,Philadelphia Eagles,47,21,831,5,1,0.0,6,41,0,21,0,1,1,5.165000000000001
473,201812090rai,2018-12-09,16:25:00,14,2018,Pittsburgh Steelers,Oakland Raiders,45,21,694,6,2,0.0,5,29,0,20,0,1,1,5.165
318,201809300dal,2018-09-30,13:00:00,4,2018,Detroit Lions,Dallas Cowboys,50,20,796,5,0,1.0,6,45,0,17,0,1,1,5.165
266,202101240gnb,2021-01-24,15:05:00,18,2020,Tampa Bay Buccaneers,Green Bay Packers,57,6,732,7,5,1.0,6,37,0,21,0,1,1,5.165
310,201809230kan,2018-09-23,13:00:00,3,2018,San Francisco 49ers,Kansas City Chiefs,65,6,790,8,0,1.0,6,30,0,18,0,1,1,5.15
382,201810280kan,2018-10-28,13:00:00,8,2018,Denver Broncos,Kansas City Chiefs,53,9,751,7,3,1.0,7,52,0,24,0,1,1,5.140000000000001
647,201910270jax,2019-10-27,13:00:00,8,2019,New York Jets,Jacksonville Jaguars,44,15,602,5,4,0.0,10,52,0,25,0,1,1,5.140000000000001
102,202010250sdg,2020-10-25,16:25:00,7,2020,Jacksonville Jaguars,Los Angeles Chargers,68,3,778,8,1,0.0,6,21,0,25,0,1,1,5.125000000000001
3,202009130was,2020-09-13,13:00:00,1,2020,Philadelphia Eagles,Washington Football Team,44,13,504,5,3,0.0,11,81,0,30,0,1,1,5.125000000000001
671,201911070rai,2019-11-07,20:20:00,10,2019,Los Angeles Chargers,Oakland Raiders,50,13,593,5,3,0.0,8,56,0,21,0,1,1,5.120000000000001
464,201812090buf,2018-12-09,13:00:00,14,2018,New York Jets,Buffalo Bills,50,17,616,5,5,1.0,3,14,0,22,0,1,1,5.11
371,201810210rav,2018-10-21,16:05:00,7,2018,New Orleans Saints,Baltimore Ravens,47,23,690,6,1,0.0,2,17,0,17,0,1,1,5.1049999999999995
9,202009130det,2020-09-13,13:00:00,1,2020,Chicago Bears,Detroit Lions,50,21,789,5,1,0.0,2,37,0,24,0,1,1,5.1049999999999995
518,201812300sea,2018-12-30,16:25:00,17,2018,Arizona Cardinals,Seattle Seahawks,51,9,489,4,3,0.0,12,79,0,27,0,1,1,5.094999999999999
599,201910030sea,2019-10-03,20:20:00,5,2019,Los Angeles Rams,Seattle Seahawks,59,12,906,7,3,1.0,1,6,0,25,0,1,1,5.090000000000001
605,201910060cin,2019-10-06,13:00:00,5,2019,Arizona Cardinals,Cincinnati Bengals,49,27,884,4,0,0.0,2,5,0,19,0,1,1,5.085000000000001
127,202011080oti,2020-11-08,13:00:00,9,2020,Chicago Bears,Tennessee Titans,41,24,603,4,2,0.0,6,38,0,25,0,1,1,5.070000000000001
569,201909220clt,2019-09-22,13:00:00,3,2019,Atlanta Falcons,Indianapolis Colts,51,21,776,6,1,,1,10,0,14,0,1,1,5.07
618,201910130min,2019-10-13,13:00:00,6,2019,Philadelphia Eagles,Minnesota Vikings,58,7,847,7,5,0.0,3,22,0,24,0,1,1,5.07
384,201810280pit,2018-10-28,13:00:00,8,2018,Cleveland Browns,Pittsburgh Steelers,51,16,658,6,3,1.0,3,21,0,25,0,1,1,5.065
540,201909080cle,2019-09-08,13:00:00,1,2019,Tennessee Titans,Cleveland Browns,56,21,685,6,3,0.0,9,73,0,27,0,0,0,5.065
506,201812230nor,2018-12-23,16:25:00,16,2018,Pittsburgh Steelers,New Orleans Saints,59,7,799,7,3,0.0,5,29,0,22,0,1,1,5.0649999999999995
435,201811250rav,2018-11-25,13:00:00,12,2018,Oakland Raiders,Baltimore Ravens,51,14,665,4,3,0.0,4,16,1,20,0,1,1,5.06
298,201809160jax,2018-09-16,16:25:00,2,2018,New England Patriots,Jacksonville Jaguars,51,17,782,6,3,,2,14,0,22,0,1,1,5.050000000000001
85,202010180clt,2020-10-18,13:00:00,6,2020,Cincinnati Bengals,Indianapolis Colts,58,10,828,7,3,1.0,3,13,0,22,0,1,1,5.045000000000001
722,201912010clt,2019-12-01,13:00:00,13,2019,Tennessee Titans,Indianapolis Colts,48,14,683,5,5,1.0,9,54,0,25,0,0,1,5.040000000000001
573,201909220phi,2019-09-22,13:00:00,3,2019,Detroit Lions,Philadelphia Eagles,51,14,660,5,2,0.0,3,13,1,23,0,1,1,5.025
417,201811150sea,2018-11-15,20:20:00,11,2018,Green Bay Packers,Seattle Seahawks,51,13,737,6,1,1.0,8,41,0,23,0,1,1,5.025
725,201912010kan,2019-12-01,16:25:00,13,2019,Oakland Raiders,Kansas City Chiefs,49,18,591,5,3,0.0,3,24,0,17,0,1,1,5.0200000000000005
763,201912220oti,2019-12-22,13:00:00,16,2019,New Orleans Saints,Tennessee Titans,66,14,774,9,1,0.0,8,48,0,27,0,0,0,5.0200000000000005
340,201810070kan,2018-10-07,13:00:00,5,2018,Jacksonville Jaguars,Kansas City Chiefs,44,14,926,4,7,0.0,6,44,0,23,0,1,1,5.0200000000000005
246,202101030cle,2021-01-03,13:00:00,17,2020,Pittsburgh Steelers,Cleveland Browns,46,20,752,5,1,0.0,5,38,0,19,0,1,1,5.010000000000001
304,201809230mia,2018-09-23,13:00:00,3,2018,Oakland Raiders,Miami Dolphins,48,17,807,6,2,0.0,4,29,0,22,0,1,1,5.005
541,201909080car,2019-09-08,13:00:00,1,2019,Los Angeles Rams,Carolina Panthers,57,21,692,6,4,,4,26,0,26,0,1,0,5.000000000000001
118,202011020nyg,2020-11-02,20:15:00,8,2020,Tampa Bay Buccaneers,New York Giants,48,16,701,5,3,1.0,5,34,0,22,0,1,1,4.99
663,201911030pit,2019-11-03,13:00:00,9,2019,Indianapolis Colts,Pittsburgh Steelers,50,12,601,4,5,0.0,6,46,0,21,0,1,1,4.99
692,201911170clt,2019-11-17,13:00:00,11,2019,Jacksonville Jaguars,Indianapolis Colts,46,15,697,6,3,0.0,5,40,0,23,0,1,1,4.98
211,202012200clt,2020-12-20,13:00:00,15,2020,Houston Texans,Indianapolis Colts,47,17,775,5,2,0.0,6,36,0,16,0,1,1,4.98
637,201910200oti,2019-10-20,16:05:00,7,2019,Los Angeles Chargers,Tennessee Titans,43,23,768,5,2,0.0,3,20,0,18,0,1,1,4.9799999999999995
163,202011290atl,2020-11-29,13:00:00,12,2020,Las Vegas Raiders,Atlanta Falcons,49,13,547,3,6,0.0,6,43,0,26,0,1,1,4.975
786,201912290nyg,2019-12-29,16:25:00,17,2019,Philadelphia Eagles,New York Giants,51,17,797,6,2,0.0,5,36,0,28,0,0,1,4.95
427,201811180nor,2018-11-18,16:25:00,11,2018,Philadelphia Eagles,New Orleans Saints,55,10,742,7,3,0.0,3,18,0,22,0,1,1,4.95
420,201811180atl,2018-11-18,13:00:00,11,2018,Dallas Cowboys,Atlanta Falcons,41,26,677,3,1,,5,34,0,17,0,1,1,4.95
614,201910100nwe,2019-10-10,20:20:00,6,2019,New York Giants,New England Patriots,49,14,640,4,6,0.0,4,21,0,25,0,1,1,4.945
566,201909150atl,2019-09-15,20:20:00,2,2019,Philadelphia Eagles,Atlanta Falcons,44,15,653,5,6,0.0,4,28,0,23,0,1,1,4.94
327,201809300rai,2018-09-30,16:05:00,4,2018,Cleveland Browns,Oakland Raiders,3,35,1052,9,6,0.0,5,27,0,38,0,1,1,4.935
542,201909080jax,2019-09-08,13:00:00,1,2019,Kansas City Chiefs,Jacksonville Jaguars,66,23,919,7,2,,1,3,0,20,0,0,0,4.935
636,201910200cin,2019-10-20,13:00:00,7,2019,Jacksonville Jaguars,Cincinnati Bengals,44,25,751,3,4,0.0,4,29,0,27,0,0,1,4.934999999999999
779,201912290nwe,2019-12-29,13:00:00,17,2019,Miami Dolphins,New England Patriots,51,17,741,5,2,0.0,3,18,0,20,0,1,1,4.930000000000001
8,202009130car,2020-09-13,13:00:00,1,2020,Las Vegas Raiders,Carolina Panthers,64,22,760,7,0,0.0,1,10,0,19,0,1,0,4.92
555,201909150pit,2019-09-15,13:00:00,2,2019,Seattle Seahawks,Pittsburgh Steelers,54,20,686,7,3,1.0,5,33,0,23,0,1,0,4.915000000000001
153,202011220cle,2020-11-22,13:00:00,11,2020,Philadelphia Eagles,Cleveland Browns,39,20,639,3,4,0.0,8,43,0,26,0,1,1,4.914999999999999
12,202009130sfo,2020-09-13,16:25:00,1,2020,Arizona Cardinals,San Francisco 49ers,44,21,770,5,1,0.0,5,22,0,23,0,1,1,4.91
747,201912150car,2019-12-15,13:00:00,15,2019,Seattle Seahawks,Carolina Panthers,54,21,842,7,4,1.0,3,20,0,23,0,1,0,4.91
238,202012270gnb,2020-12-27,20:20:00,16,2020,Tennessee Titans,Green Bay Packers,54,7,708,8,3,0.0,3,34,0,19,0,1,1,4.91
617,201910130kan,2019-10-13,13:00:00,6,2019,Houston Texans,Kansas City Chiefs,55,8,781,7,5,0.0,1,17,0,20,0,1,1,4.905
526,201901050dal,2019-01-05,20:15:00,18,2018,Seattle Seahawks,Dallas Cowboys,46,22,679,5,1,1.0,2,17,0,24,0,1,1,4.905
444,201811260htx,2018-11-26,20:15:00,12,2018,Tennessee Titans,Houston Texans,51,7,827,6,1,0.0,10,72,0,23,0,1,1,4.900000000000001
584,201909260gnb,2019-09-26,20:20:00,4,2019,Philadelphia Eagles,Green Bay Packers,61,7,827,8,2,0.0,1,8,0,21,0,1,1,4.9
191,202012080rav,2020-12-08,20:05:00,13,2020,Dallas Cowboys,Baltimore Ravens,51,17,789,6,2,0.0,1,8,0,19,0,1,1,4.9
580,201909220sfo,2019-09-22,16:25:00,3,2019,Pittsburgh Steelers,San Francisco 49ers,44,14,675,5,7,0.0,3,23,0,27,0,1,1,4.8950000000000005
331,201810010den,2018-10-01,20:15:00,4,2018,Kansas City Chiefs,Denver Broncos,50,17,831,5,1,0.0,5,19,0,20,0,1,1,4.895
257,202101090sea,2021-01-09,16:40:00,18,2020,Los Angeles Rams,Seattle Seahawks,50,17,611,4,2,0.0,8,47,0,29,0,0,1,4.885000000000001
209,202012190den,2020-12-19,16:30:00,15,2020,Buffalo Bills,Denver Broncos,67,16,789,8,2,0.0,4,24,0,21,0,0,0,4.880000000000001
344,201810070sfo,2018-10-07,16:25:00,5,2018,Arizona Cardinals,San Francisco 49ers,46,26,667,6,5,0.0,5,55,0,26,0,0,0,4.875000000000001
140,202011150mia,2020-11-15,16:05:00,10,2020,Los Angeles Chargers,Miami Dolphins,50,16,553,6,2,0.0,2,13,0,22,0,1,1,4.865000000000001
640,201910200dal,2019-10-20,20:20:00,7,2019,Philadelphia Eagles,Dallas Cowboys,47,10,685,5,5,0.0,6,49,0,22,0,1,1,4.865
237,202012270dal,2020-12-27,16:25:00,16,2020,Philadelphia Eagles,Dallas Cowboys,54,7,990,6,4,0.0,5,31,0,26,0,1,1,4.855
424,201811180clt,2018-11-18,13:00:00,11,2018,Tennessee Titans,Indianapolis Colts,48,14,664,6,2,,5,27,0,20,0,1,1,4.8549999999999995
355,201810140cin,2018-10-14,13:00:00,6,2018,Pittsburgh Steelers,Cincinnati Bengals,49,18,756,6,0,,3,16,0,20,0,1,1,4.840000000000001
364,201810210phi,2018-10-21,13:00:00,7,2018,Carolina Panthers,Philadelphia Eagles,38,21,713,5,1,0.0,6,45,0,18,0,1,1,4.825
664,201911030kan,2019-11-03,13:00:00,9,2019,Minnesota Vikings,Kansas City Chiefs,49,13,685,5,1,1.0,6,53,0,23,0,1,1,4.825
202,202012130phi,2020-12-13,16:25:00,14,2020,New Orleans Saints,Philadelphia Eagles,45,14,771,6,3,0.0,5,29,0,23,0,1,1,4.825
554,201909150was,2019-09-15,13:00:00,2,2019,Dallas Cowboys,Washington Redskins,52,17,729,7,1,0.0,2,21,0,18,0,0,1,4.815000000000001
451,201812020det,2018-12-02,13:00:00,13,2018,Los Angeles Rams,Detroit Lions,46,17,654,4,4,,6,49,0,25,0,0,1,4.815
367,201810210nyj,2018-10-21,13:00:00,7,2018,Minnesota Vikings,New York Jets,54,24,579,6,4,0.0,4,27,0,34,0,0,0,4.815
282,201809090gnb,2018-09-09,20:20:00,1,2018,Chicago Bears,Green Bay Packers,47,24,664,4,3,0.0,8,56,0,22,0,1,0,4.8100000000000005
699,201911240atl,2019-11-24,13:00:00,12,2019,Tampa Bay Buccaneers,Atlanta Falcons,57,19,783,6,4,0.0,6,46,0,26,0,0,0,4.8100000000000005
132,202011090nyj,2020-11-09,20:15:00,9,2020,New England Patriots,New York Jets,57,13,755,6,1,0.0,1,5,0,17,0,1,1,4.805000000000001
802,202002020kan,2020-02-02,18:30:00,18,2019,San Francisco 49ers,Kansas City Chiefs,51,21,748,6,4,0.0,5,27,0,20,0,1,0,4.805
434,201811250buf,2018-11-25,13:00:00,12,2018,Jacksonville Jaguars,Buffalo Bills,45,17,660,6,2,,3,20,0,25,0,1,1,4.8
316,201809240tam,2018-09-24,20:15:00,3,2018,Pittsburgh Steelers,Tampa Bay Buccaneers,57,14,868,6,5,1.0,6,37,0,25,0,1,0,4.795
419,201811180was,2018-11-18,13:00:00,11,2018,Houston Texans,Washington Redskins,44,10,598,4,5,1.0,8,62,0,23,0,1,1,4.79
94,202010250atl,2020-10-25,13:00:00,7,2020,Detroit Lions,Atlanta Falcons,45,18,774,5,1,0.0,4,34,0,19,0,1,1,4.79
690,201911170min,2019-11-17,13:00:00,11,2019,Denver Broncos,Minnesota Vikings,50,20,715,6,3,1.0,7,43,0,21,0,1,0,4.785
170,202011290min,2020-11-29,13:00:00,12,2020,Carolina Panthers,Minnesota Vikings,55,24,761,4,4,1.0,2,16,0,20,0,1,0,4.7700000000000005
242,202101030nwe,2021-01-03,13:00:00,17,2020,New York Jets,New England Patriots,42,14,754,6,2,1.0,6,50,0,21,0,1,1,4.7700000000000005
632,201910200clt,2019-10-20,13:00:00,7,2019,Houston Texans,Indianapolis Colts,53,9,774,6,3,0.0,4,22,0,23,0,1,1,4.7700000000000005
499,201812230cle,2018-12-23,13:00:00,16,2018,Cincinnati Bengals,Cleveland Browns,44,21,702,5,0,1.0,3,26,0,18,0,1,1,4.77
271,201809090rav,2018-09-09,13:00:00,1,2018,Buffalo Bills,Baltimore Ravens,50,7,522,6,3,0.0,8,36,0,29,0,1,1,4.76
223,202012210cin,2020-12-21,20:15:00,15,2020,Pittsburgh Steelers,Cincinnati Bengals,44,17,474,5,3,0.0,3,23,0,28,0,1,1,4.755000000000001
650,201910270oti,2019-10-27,13:00:00,8,2019,Tampa Bay Buccaneers,Tennessee Titans,50,7,635,5,5,0.0,6,37,0,27,0,1,1,4.745
523,201812300rav,2018-12-30,16:25:00,17,2018,Cleveland Browns,Baltimore Ravens,50,13,889,5,4,0.0,2,12,0,24,0,1,1,4.739999999999999
325,201809300nwe,2018-09-30,13:00:00,4,2018,Miami Dolphins,New England Patriots,45,14,621,6,4,1.0,2,19,0,22,0,1,1,4.735
529,201901120kan,2019-01-12,16:35:00,18,2018,Indianapolis Colts,Kansas City Chiefs,44,13,699,5,2,0.0,7,49,0,22,0,1,1,4.7250000000000005
275,201809090nwe,2018-09-09,13:00:00,1,2018,Houston Texans,New England Patriots,47,10,714,5,5,0.0,5,28,0,28,0,1,1,4.72
501,201812230clt,2018-12-23,13:00:00,16,2018,New York Giants,Indianapolis Colts,55,10,794,7,2,,1,4,0,20,0,1,1,4.72
73,202010110cle,2020-10-11,16:25:00,5,2020,Indianapolis Colts,Cleveland Browns,55,8,693,3,4,1.0,2,7,1,19,0,1,1,4.715000000000001
53,202010040det,2020-10-04,13:00:00,4,2020,New Orleans Saints,Detroit Lions,64,8,673,9,2,1.0,5,33,0,18,0,1,0,4.715
312,201809230ram,2018-09-23,16:05:00,3,2018,Los Angeles Chargers,Los Angeles Rams,58,3,877,7,4,0.0,3,15,0,18,0,1,1,4.715
544,201909080sea,2019-09-08,16:05:00,1,2019,Cincinnati Bengals,Seattle Seahawks,41,10,661,5,4,0.0,9,58,0,26,0,1,1,4.710000000000001
401,201811040nwe,2018-11-04,20:20:00,9,2018,Green Bay Packers,New England Patriots,48,14,800,6,1,0.0,3,30,0,21,0,1,1,4.71
486,201812160cin,2018-12-16,13:00:00,15,2018,Oakland Raiders,Cincinnati Bengals,46,13,591,4,3,1.0,6,41,0,26,0,1,1,4.705
611,201910060dal,2019-10-06,16:25:00,5,2019,Green Bay Packers,Dallas Cowboys,58,17,898,7,3,,5,45,0,26,0,0,0,4.705
596,201909290den,2019-09-29,16:25:00,4,2019,Jacksonville Jaguars,Denver Broncos,50,13,826,5,1,1.0,5,27,0,24,0,1,1,4.695
2,202009130buf,2020-09-13,13:00:00,1,2020,New York Jets,Buffalo Bills,44,13,658,5,4,1.0,6,19,0,22,0,1,1,4.694999999999999
110,202011010buf,2020-11-01,13:00:00,8,2020,New England Patriots,Buffalo Bills,45,17,688,5,2,,3,18,0,19,0,1,1,4.69
440,201811250sdg,2018-11-25,16:05:00,12,2018,Arizona Cardinals,Los Angeles Chargers,55,3,563,7,2,0.0,6,41,0,22,0,1,1,4.6850000000000005
575,201909220min,2019-09-22,13:00:00,3,2019,Oakland Raiders,Minnesota Vikings,48,13,687,6,1,0.0,4,28,0,19,0,1,1,4.680000000000001
286,201809160tam,2018-09-16,13:00:00,2,2018,Philadelphia Eagles,Tampa Bay Buccaneers,48,7,848,7,4,0.0,5,22,0,26,0,1,1,4.67
7,202009130jax,2020-09-13,13:00:00,1,2020,Indianapolis Colts,Jacksonville Jaguars,47,13,686,5,2,0.0,5,29,0,18,0,1,1,4.665
39,202009270pit,2020-09-27,13:00:00,3,2020,Houston Texans,Pittsburgh Steelers,49,8,647,6,1,1.0,7,52,0,21,0,1,1,4.66
466,201812090was,2018-12-09,13:00:00,14,2018,New York Giants,Washington Redskins,56,16,690,6,4,0.0,7,51,0,28,0,0,0,4.655
581,201909220sdg,2019-09-22,16:25:00,3,2019,Houston Texans,Los Angeles Chargers,47,9,742,6,2,0.0,7,39,0,21,0,1,1,4.655
790,201912290htx,2019-12-29,16:25:00,17,2019,Tennessee Titans,Houston Texans,49,14,768,7,1,0.0,4,33,0,20,0,0,1,4.655
600,201910060phi,2019-10-06,13:00:00,5,2019,New York Jets,Philadelphia Eagles,37,13,393,3,4,0.0,11,67,0,25,0,1,1,4.654999999999999
147,202011190sea,2020-11-19,20:20:00,11,2020,Arizona Cardinals,Seattle Seahawks,49,12,661,6,0,0.0,6,27,0,19,0,1,1,4.654999999999999
166,202011290jax,2020-11-29,13:00:00,12,2020,Cleveland Browns,Jacksonville Jaguars,52,13,834,6,1,0.0,2,6,0,18,0,1,1,4.650000000000001
748,201912150det,2019-12-15,13:00:00,15,2019,Tampa Bay Buccaneers,Detroit Lions,55,21,790,6,4,0.0,4,22,0,25,0,0,0,4.650000000000001
508,201812240rai,2018-12-24,20:15:00,16,2018,Denver Broncos,Oakland Raiders,41,17,573,4,2,0.0,2,10,1,21,0,1,1,4.65
493,201812220oti,2018-12-22,16:30:00,16,2018,Washington Redskins,Tennessee Titans,41,19,583,3,2,,5,41,0,16,0,1,1,4.6450000000000005
377,201810280jax,2018-10-28,09:30:00,8,2018,Philadelphia Eagles,Jacksonville Jaguars,42,13,730,4,3,0.0,8,45,0,20,0,1,1,4.645
336,201810070cin,2018-10-07,13:00:00,5,2018,Miami Dolphins,Cincinnati Bengals,44,24,629,2,4,1.0,5,35,1,21,0,1,0,4.645
160,202011230tam,2020-11-23,20:15:00,11,2020,Los Angeles Rams,Tampa Bay Buccaneers,51,10,664,6,4,0.0,1,7,0,25,0,1,1,4.635000000000001
353,201810140htx,2018-10-14,13:00:00,6,2018,Buffalo Bills,Houston Texans,33,17,445,2,6,,9,51,0,24,0,1,1,4.635
374,201810210kan,2018-10-21,20:20:00,7,2018,Cincinnati Bengals,Kansas City Chiefs,55,7,790,6,2,0.0,4,18,0,20,0,1,1,4.630000000000001
320,201809300jax,2018-09-30,13:00:00,4,2018,New York Jets,Jacksonville Jaguars,43,15,681,4,3,0.0,5,34,0,27,0,1,1,4.63
450,201812020mia,2018-12-02,13:00:00,13,2018,Buffalo Bills,Miami Dolphins,38,15,590,5,4,0.0,5,36,0,23,0,1,1,4.62
406,201811110cin,2018-11-11,13:00:00,10,2018,New Orleans Saints,Cincinnati Bengals,65,13,793,8,2,0.0,4,24,0,20,0,0,0,4.62
143,202011150nor,2020-11-15,16:25:00,10,2020,San Francisco 49ers,New Orleans Saints,40,13,518,4,6,0.0,5,31,0,24,0,1,1,4.615
433,201811250phi,2018-11-25,13:00:00,12,2018,New York Giants,Philadelphia Eagles,47,14,743,4,1,1.0,5,43,0,20,0,1,1,4.615
107,202011010mia,2020-11-01,13:00:00,8,2020,Los Angeles Rams,Miami Dolphins,45,7,616,4,6,0.0,3,18,1,30,0,1,1,4.609999999999999
423,201811180jax,2018-11-18,13:00:00,11,2018,Pittsburgh Steelers,Jacksonville Jaguars,36,14,566,4,4,0.0,8,57,0,28,0,1,1,4.6049999999999995
26,202009200clt,2020-09-20,13:00:00,2,2020,Minnesota Vikings,Indianapolis Colts,39,18,529,3,4,1.0,5,29,0,20,0,1,1,4.6049999999999995
462,201812090tam,2018-12-09,13:00:00,14,2018,New Orleans Saints,Tampa Bay Buccaneers,42,17,577,5,3,1.0,5,42,0,23,0,0,1,4.6000000000000005
135,202011150gnb,2020-11-15,13:00:00,10,2020,Jacksonville Jaguars,Green Bay Packers,44,10,655,4,3,0.0,4,28,1,24,0,1,1,4.6
735,201912080htx,2019-12-08,13:00:00,14,2019,Denver Broncos,Houston Texans,62,14,805,7,4,0.0,4,20,0,20,0,0,0,4.6
624,201910130nyj,2019-10-13,16:25:00,6,2019,Dallas Cowboys,New York Jets,46,16,781,5,1,0.0,3,20,0,20,0,1,1,4.6
571,201909220buf,2019-09-22,13:00:00,3,2019,Cincinnati Bengals,Buffalo Bills,38,17,722,4,6,,3,12,0,26,0,1,1,4.6
530,201901120ram,2019-01-12,20:15:00,18,2018,Dallas Cowboys,Los Angeles Rams,52,14,767,6,0,0.0,1,8,0,17,0,1,1,4.6
578,201909220crd,2019-09-22,16:05:00,3,2019,Carolina Panthers,Arizona Cardinals,58,10,661,7,3,1.0,10,67,0,23,0,0,0,4.595000000000001
418,201811180det,2018-11-18,13:00:00,11,2018,Carolina Panthers,Detroit Lions,39,19,696,5,1,,4,31,0,21,0,1,1,4.595000000000001
308,201809230htx,2018-09-23,13:00:00,3,2018,New York Giants,Houston Texans,49,20,806,5,2,1.0,7,49,0,20,0,1,0,4.595000000000001
527,201901060rav,2019-01-06,13:05:00,18,2018,Los Angeles Chargers,Baltimore Ravens,40,25,472,3,4,1.0,8,61,0,27,0,1,0,4.595
172,202011290ram,2020-11-29,16:05:00,12,2020,San Francisco 49ers,Los Angeles Rams,43,13,653,2,7,1.0,4,35,0,30,0,1,1,4.595
381,201810280nyg,2018-10-28,13:00:00,8,2018,Washington Redskins,New York Giants,33,20,663,3,3,0.0,7,50,0,24,0,1,1,4.590000000000001
591,201909290clt,2019-09-29,13:00:00,4,2019,Oakland Raiders,Indianapolis Colts,55,21,723,6,3,1.0,1,0,0,23,0,1,0,4.590000000000001
430,201811220det,2018-11-22,12:30:00,12,2018,Chicago Bears,Detroit Lions,39,17,597,4,3,0.0,6,26,0,21,0,1,1,4.59
61,202010050kan,2020-10-05,19:05:00,4,2020,New England Patriots,Kansas City Chiefs,36,20,680,3,5,0.0,3,25,0,21,0,1,1,4.585
251,202101030chi,2021-01-03,16:25:00,17,2020,Green Bay Packers,Chicago Bears,51,14,672,6,3,0.0,2,7,0,16,0,0,1,4.585
49,202010040car,2020-10-04,13:00:00,4,2020,Arizona Cardinals,Carolina Panthers,52,10,706,7,2,1.0,1,0,0,19,0,1,1,4.580000000000001
770,201912220den,2019-12-22,16:05:00,16,2019,Detroit Lions,Denver Broncos,44,14,539,4,0,0.0,4,22,1,19,0,1,1,4.57
470,201812090sdg,2018-12-09,16:05:00,14,2018,Cincinnati Bengals,Los Angeles Chargers,47,15,583,4,0,0.0,5,36,0,20,0,1,1,4.56
656,201910280pit,2019-10-28,20:15:00,8,2019,Miami Dolphins,Pittsburgh Steelers,41,10,624,5,5,0.0,6,35,0,23,0,1,1,4.555000000000001
724,201912010den,2019-12-01,16:25:00,13,2019,Los Angeles Chargers,Denver Broncos,43,16,577,4,3,1.0,3,21,0,22,0,1,1,4.545
543,201909080mia,2019-09-08,13:00:00,1,2019,Baltimore Ravens,Miami Dolphins,69,7,843,9,3,1.0,4,12,0,22,0,0,0,4.54
689,201911170mia,2019-11-17,13:00:00,11,2019,Buffalo Bills,Miami Dolphins,57,13,727,6,1,0.0,7,43,1,26,0,0,0,4.535
537,201909080min,2019-09-08,13:00:00,1,2019,Atlanta Falcons,Minnesota Vikings,40,12,614,6,3,1.0,5,33,0,20,0,1,1,4.525
306,201809230car,2018-09-23,13:00:00,3,2018,Cincinnati Bengals,Carolina Panthers,52,3,773,7,4,0.0,3,25,0,22,0,1,1,4.525
80,202010180oti,2020-10-18,13:00:00,6,2020,Houston Texans,Tennessee Titans,6,28,1019,11,2,1.0,4,37,0,21,0,1,1,4.5249999999999995
14,202009140nyg,2020-09-14,19:15:00,1,2020,Pittsburgh Steelers,New York Giants,42,16,640,5,3,1.0,5,38,0,21,0,0,1,4.5200000000000005
329,201809300sdg,2018-09-30,16:25:00,4,2018,San Francisco 49ers,Los Angeles Chargers,56,6,732,5,3,1.0,2,18,0,24,0,1,1,4.51
548,201909080tam,2019-09-08,16:25:00,1,2019,San Francisco 49ers,Tampa Bay Buccaneers,48,14,551,2,6,0.0,4,28,0,21,0,0,1,4.489999999999999
358,201810140dal,2018-10-14,16:25:00,6,2018,Jacksonville Jaguars,Dallas Cowboys,47,10,582,5,2,0.0,6,21,0,23,0,1,1,4.485000000000001
609,201910060rai,2019-10-06,13:00:00,5,2019,Chicago Bears,Oakland Raiders,45,7,634,6,4,1.0,4,37,0,22,0,1,1,4.485
62,202010050gnb,2020-10-05,20:15:00,4,2020,Atlanta Falcons,Green Bay Packers,46,10,730,6,0,0.0,5,48,0,18,0,1,1,4.48
799,202001120gnb,2020-01-12,18:40:00,18,2019,Seattle Seahawks,Green Bay Packers,51,6,719,7,0,1.0,7,20,0,18,0,1,1,4.4799999999999995
231,202012270pit,2020-12-27,13:00:00,16,2020,Indianapolis Colts,Pittsburgh Steelers,52,14,719,7,2,0.0,6,41,0,25,0,1,0,4.4750000000000005
368,201810210clt,2018-10-21,13:00:00,7,2018,Buffalo Bills,Indianapolis Colts,42,13,679,5,5,0.0,2,7,0,23,0,1,1,4.475
372,201810210was,2018-10-21,16:25:00,7,2018,Dallas Cowboys,Washington Redskins,37,20,628,3,2,0.0,5,26,0,21,0,1,1,4.47
350,201810140min,2018-10-14,13:00:00,6,2018,Arizona Cardinals,Minnesota Vikings,44,7,679,4,4,0.0,8,49,0,27,0,1,1,4.465
44,202009270crd,2020-09-27,16:25:00,3,2020,Detroit Lions,Arizona Cardinals,49,6,699,5,3,1.0,5,40,0,20,0,1,1,4.46
314,201809230sea,2018-09-23,16:25:00,3,2018,Dallas Cowboys,Seattle Seahawks,37,14,598,4,3,0.0,7,41,0,25,0,1,1,4.445
710,201911240sfo,2019-11-24,20:20:00,12,2019,Green Bay Packers,San Francisco 49ers,45,7,537,5,1,0.0,8,64,0,22,0,1,1,4.44
5,202009130rav,2020-09-13,13:00:00,1,2020,Cleveland Browns,Baltimore Ravens,44,7,687,6,4,0.0,4,35,0,22,0,1,1,4.435
482,201812160chi,2018-12-16,13:00:00,15,2018,Green Bay Packers,Chicago Bears,41,13,655,4,2,0.0,6,42,0,22,0,1,1,4.43
627,201910140gnb,2019-10-14,20:15:00,6,2019,Detroit Lions,Green Bay Packers,45,13,746,3,3,1.0,4,28,0,21,0,1,1,4.42
547,201909080dal,2019-09-08,16:25:00,1,2019,New York Giants,Dallas Cowboys,52,7,964,7,2,0.0,1,4,0,20,0,1,1,4.42
93,202010250htx,2020-10-25,13:00:00,7,2020,Green Bay Packers,Houston Texans,55,20,744,7,1,0.0,3,23,0,23,0,0,0,4.415000000000001
408,201811110kan,2018-11-11,13:00:00,10,2018,Arizona Cardinals,Kansas City Chiefs,40,6,590,5,2,0.0,10,79,0,22,0,1,1,4.415000000000001
551,201909090rai,2019-09-09,22:20:00,1,2019,Denver Broncos,Oakland Raiders,40,20,701,4,0,,3,19,0,16,0,1,1,4.414999999999999
198,202012130chi,2020-12-13,13:00:00,14,2020,Houston Texans,Chicago Bears,43,3,673,5,2,0.0,10,90,0,22,0,1,1,4.41
782,201912290det,2019-12-29,13:00:00,17,2019,Green Bay Packers,Detroit Lions,43,16,737,4,2,1.0,2,18,0,24,0,1,1,4.41
765,201912220mia,2019-12-22,13:00:00,16,2019,Cincinnati Bengals,Miami Dolphins,3,30,932,9,2,1.0,6,38,0,30,0,1,1,4.41
142,202011150pit,2020-11-15,16:25:00,10,2020,Cincinnati Bengals,Pittsburgh Steelers,46,10,701,5,2,0.0,4,28,0,28,0,1,1,4.3999999999999995
164,202011290buf,2020-11-29,13:00:00,12,2020,Los Angeles Chargers,Buffalo Bills,44,6,699,5,4,0.0,6,42,0,24,0,1,1,4.39
83,202010180nyg,2020-10-18,13:00:00,6,2020,Washington Football Team,New York Giants,39,16,577,3,3,1.0,4,33,0,16,0,1,1,4.385000000000001
426,201811180sdg,2018-11-18,16:05:00,11,2018,Denver Broncos,Los Angeles Chargers,45,12,804,5,2,0.0,3,17,0,20,0,1,1,4.385
130,202011080dal,2020-11-08,16:25:00,9,2020,Pittsburgh Steelers,Dallas Cowboys,43,15,719,4,2,0.0,2,23,0,22,0,1,1,4.375
47,202009280rav,2020-09-28,20:15:00,3,2020,Kansas City Chiefs,Baltimore Ravens,54,14,745,6,2,0.0,4,27,1,20,0,0,0,4.355
472,201812090dal,2018-12-09,16:25:00,14,2018,Philadelphia Eagles,Dallas Cowboys,6,31,832,6,4,1.0,5,27,0,24,0,1,1,4.3549999999999995
425,201811180crd,2018-11-18,16:05:00,11,2018,Oakland Raiders,Arizona Cardinals,44,10,607,5,2,,5,27,0,27,0,1,1,4.3549999999999995
252,202101030kan,2021-01-03,16:25:00,17,2020,Los Angeles Chargers,Kansas City Chiefs,59,14,684,8,1,0.0,4,22,0,17,0,0,0,4.3500000000000005
232,202012270rav,2020-12-27,13:00:00,16,2020,New York Giants,Baltimore Ravens,40,14,701,4,1,0.0,6,37,0,17,0,1,1,4.345
560,201909150mia,2019-09-15,13:00:00,2,2019,New England Patriots,Miami Dolphins,43,20,563,4,5,0.0,9,53,0,24,0,0,0,4.345
402,201811050dal,2018-11-05,20:15:00,9,2018,Tennessee Titans,Dallas Cowboys,42,7,637,6,4,0.0,9,43,0,19,0,0,1,4.345
293,201809160nor,2018-09-16,13:00:00,2,2018,Cleveland Browns,New Orleans Saints,39,24,602,4,3,0.0,6,42,0,24,0,1,0,4.34
416,201811120sfo,2018-11-12,20:15:00,10,2018,New York Giants,San Francisco 49ers,50,10,651,5,2,,1,8,0,22,0,1,1,4.34
702,201911240was,2019-11-24,13:00:00,12,2019,Detroit Lions,Washington Redskins,35,9,594,1,6,,9,30,1,26,0,1,1,4.33
328,201809300nyg,2018-09-30,16:25:00,4,2018,New Orleans Saints,New York Giants,51,22,688,5,2,1.0,4,29,0,20,0,0,0,4.324999999999999
81,202010180pit,2020-10-18,13:00:00,6,2020,Cleveland Browns,Pittsburgh Steelers,45,7,497,5,2,0.0,6,40,0,24,0,1,1,4.32
633,201910200nyg,2019-10-20,13:00:00,7,2019,Arizona Cardinals,New York Giants,48,10,508,5,3,0.0,10,82,0,22,0,1,0,4.319999999999999
240,202101030nyg,2021-01-03,13:00:00,17,2020,Dallas Cowboys,New York Giants,42,6,643,4,3,1.0,8,63,0,24,0,1,1,4.3149999999999995
262,202101160gnb,2021-01-16,16:35:00,18,2020,Los Angeles Rams,Green Bay Packers,50,7,728,6,0,0.0,4,26,0,17,0,1,1,4.31
25,202009200phi,2020-09-20,13:00:00,2,2020,Los Angeles Rams,Philadelphia Eagles,56,16,812,7,4,0.0,1,9,0,20,0,0,0,4.305000000000001
349,201810140was,2018-10-14,13:00:00,6,2018,Carolina Panthers,Washington Redskins,40,14,638,4,3,0.0,4,13,0,21,0,1,1,4.305000000000001
712,201911280det,2019-11-28,12:30:00,13,2019,Chicago Bears,Detroit Lions,44,10,783,5,2,0.0,3,28,0,21,0,1,1,4.279999999999999
558,201909150cin,2019-09-15,13:00:00,2,2019,San Francisco 49ers,Cincinnati Bengals,58,14,887,7,2,0.0,4,20,0,23,0,0,0,4.279999999999999
218,202012200mia,2020-12-20,13:00:00,15,2020,New England Patriots,Miami Dolphins,34,18,686,3,2,0.0,5,35,0,17,0,1,1,4.275
189,202012070pit,2020-12-07,17:00:00,13,2020,Washington Football Team,Pittsburgh Steelers,40,16,644,4,1,0.0,3,23,0,26,0,1,1,4.275
512,201812300nwe,2018-12-30,13:00:00,17,2018,New York Jets,New England Patriots,41,10,614,4,3,0.0,5,38,0,23,0,1,1,4.2700000000000005
524,201812300oti,2018-12-30,20:20:00,17,2018,Indianapolis Colts,Tennessee Titans,50,9,694,5,5,0.0,1,7,0,24,0,0,1,4.265
265,202101170nor,2021-01-17,18:40:00,18,2020,Tampa Bay Buccaneers,New Orleans Saints,50,10,610,5,4,1.0,1,10,0,21,0,0,1,4.26
299,201809160dal,2018-09-16,20:20:00,2,2018,New York Giants,Dallas Cowboys,33,17,553,3,1,1.0,6,59,0,20,0,1,1,4.255
498,201812230nyj,2018-12-23,13:00:00,16,2018,Green Bay Packers,New York Jets,6,21,910,9,1,1.0,6,47,1,25,0,1,1,4.255
460,201812030phi,2018-12-03,20:15:00,13,2018,Washington Redskins,Philadelphia Eagles,41,14,671,4,2,0.0,3,19,0,21,0,1,1,4.255
742,201912080ram,2019-12-08,20:20:00,14,2019,Seattle Seahawks,Los Angeles Rams,40,10,763,4,3,0.0,5,43,0,21,0,1,1,4.255
476,201812100sea,2018-12-10,20:15:00,14,2018,Minnesota Vikings,Seattle Seahawks,28,25,550,2,2,0.0,4,21,0,21,0,1,1,4.245000000000001
407,201811110clt,2018-11-11,13:00:00,10,2018,Jacksonville Jaguars,Indianapolis Colts,55,3,781,7,2,1.0,0,0,0,21,0,1,1,4.24
570,201909220nwe,2019-09-22,13:00:00,3,2019,New York Jets,New England Patriots,44,7,486,4,3,0.0,6,36,0,27,0,1,1,4.24
230,202012270nyj,2020-12-27,13:00:00,16,2020,Cleveland Browns,New York Jets,39,9,632,5,2,0.0,6,47,0,26,0,1,1,4.235
791,201912290sea,2019-12-29,20:20:00,17,2019,San Francisco 49ers,Seattle Seahawks,47,21,746,6,0,0.0,3,25,0,17,0,1,0,4.235
467,201812090cle,2018-12-09,13:00:00,14,2018,Carolina Panthers,Cleveland Browns,46,9,741,5,3,0.0,2,7,0,22,0,1,1,4.235
233,202012270jax,2020-12-27,13:00:00,16,2020,Chicago Bears,Jacksonville Jaguars,58,14,670,7,3,1.0,2,10,0,23,0,0,0,4.2299999999999995
165,202011290cin,2020-11-29,13:00:00,12,2020,New York Giants,Cincinnati Bengals,36,13,541,2,4,1.0,2,21,1,23,0,1,1,4.225
760,201912210tam,2019-12-21,13:00:00,16,2019,Houston Texans,Tampa Bay Buccaneers,43,3,664,3,7,0.0,8,29,0,27,0,1,1,4.225
177,202012060htx,2020-12-06,13:00:00,13,2020,Indianapolis Colts,Houston Texans,46,2,769,5,2,0.0,8,56,0,23,0,1,1,4.22
538,201909080nyj,2019-09-08,13:00:00,1,2019,Buffalo Bills,New York Jets,33,14,593,3,5,0.0,5,32,0,23,0,1,1,4.22
210,202012190gnb,2020-12-19,20:15:00,15,2020,Carolina Panthers,Green Bay Packers,40,9,655,4,1,0.0,8,56,0,21,0,1,1,4.22
534,201901200kan,2019-01-20,18:40:00,18,2018,New England Patriots,Kansas City Chiefs,6,38,814,9,2,0.0,4,46,0,23,0,1,0,4.22
247,202101030clt,2021-01-03,16:25:00,17,2020,Jacksonville Jaguars,Indianapolis Colts,42,8,720,5,2,0.0,6,31,0,25,0,1,1,4.215000000000001
619,201910130rav,2019-10-13,13:00:00,6,2019,Cincinnati Bengals,Baltimore Ravens,40,10,747,3,2,,3,26,1,18,0,1,1,4.21
648,201910270nor,2019-10-27,13:00:00,8,2019,Arizona Cardinals,New Orleans Saints,40,14,747,4,1,0.0,4,23,0,21,0,1,1,4.195
234,202012270sdg,2020-12-27,16:05:00,16,2020,Denver Broncos,Los Angeles Chargers,35,19,712,2,2,1.0,4,27,0,20,0,1,1,4.195
413,201811110gnb,2018-11-11,16:25:00,10,2018,Miami Dolphins,Green Bay Packers,43,3,671,4,3,0.0,8,67,0,19,0,1,1,4.195
301,201809200cle,2018-09-20,20:20:00,3,2018,New York Jets,Cleveland Browns,38,10,591,4,3,1.0,6,38,0,27,0,1,1,4.19
206,202012130buf,2020-12-13,20:20:00,14,2020,Pittsburgh Steelers,Buffalo Bills,41,11,558,4,4,,2,18,0,25,0,1,1,4.1899999999999995
228,202012270kan,2020-12-27,13:00:00,16,2020,Atlanta Falcons,Kansas City Chiefs,31,17,762,4,3,0.0,4,23,0,20,0,1,1,4.175
190,202012070sfo,2020-12-07,20:15:00,13,2020,Buffalo Bills,San Francisco 49ers,58,14,851,7,3,0.0,1,7,0,19,0,0,0,4.175
90,202010190dal,2020-10-19,20:15:00,6,2020,Arizona Cardinals,Dallas Cowboys,48,17,782,6,4,1.0,4,30,0,22,0,0,0,4.17
732,201912080nyj,2019-12-08,13:00:00,14,2019,Miami Dolphins,New York Jets,43,15,736,2,2,0.0,3,13,0,21,0,1,1,4.165000000000001
396,201811040cle,2018-11-04,13:00:00,9,2018,Kansas City Chiefs,Cleveland Browns,58,9,887,8,2,0.0,4,37,0,18,0,0,0,4.165
441,201811250den,2018-11-25,16:25:00,12,2018,Pittsburgh Steelers,Denver Broncos,41,7,835,5,4,1.0,4,25,0,22,0,1,1,4.165
449,201812020atl,2018-12-02,13:00:00,13,2018,Baltimore Ravens,Atlanta Falcons,42,16,497,2,2,0.0,5,42,0,20,0,0,1,4.16
128,202011080sdg,2020-11-08,16:05:00,9,2020,Las Vegas Raiders,Los Angeles Chargers,57,9,760,7,2,1.0,3,19,0,20,0,1,0,4.1450000000000005
502,201812230dal,2018-12-23,13:00:00,16,2018,Tampa Bay Buccaneers,Dallas Cowboys,47,7,615,4,2,0.0,4,25,0,20,0,1,1,4.1450000000000005
307,201809230was,2018-09-23,13:00:00,3,2018,Green Bay Packers,Washington Redskins,48,3,726,6,2,0.0,4,25,0,24,0,1,1,4.1450000000000005
117,202011010phi,2020-11-01,20:20:00,8,2020,Dallas Cowboys,Philadelphia Eagles,32,8,487,2,6,0.0,8,77,0,23,0,1,1,4.145
572,201909220gnb,2019-09-22,13:00:00,3,2019,Denver Broncos,Green Bay Packers,43,3,622,5,3,0.0,6,52,0,22,0,1,1,4.14
6,202009130nwe,2020-09-13,13:00:00,1,2020,Miami Dolphins,New England Patriots,32,15,626,4,4,1.0,3,24,0,18,0,1,1,4.14
654,201910270htx,2019-10-27,16:25:00,8,2019,Oakland Raiders,Houston Texans,51,17,766,6,0,1.0,3,21,0,21,0,1,0,4.135000000000001
71,202010110sfo,2020-10-11,16:05:00,5,2020,Miami Dolphins,San Francisco 49ers,60,6,695,6,3,0.0,7,51,0,23,0,0,0,4.135
173,202011290tam,2020-11-29,16:25:00,12,2020,Kansas City Chiefs,Tampa Bay Buccaneers,51,14,960,6,3,1.0,3,9,0,22,0,1,0,4.135
404,201811110cle,2018-11-11,13:00:00,10,2018,Atlanta Falcons,Cleveland Browns,44,6,809,6,3,0.0,2,19,0,20,0,1,1,4.135
453,201812020htx,2018-12-02,13:00:00,13,2018,Cleveland Browns,Houston Texans,42,9,812,3,4,0.0,4,27,0,21,0,1,1,4.135
653,201910270nwe,2019-10-27,16:25:00,8,2019,Cleveland Browns,New England Patriots,40,6,628,3,3,0.0,8,63,0,24,0,1,1,4.135
447,201812020tam,2018-12-02,13:00:00,13,2018,Carolina Panthers,Tampa Bay Buccaneers,41,0,759,5,5,0.0,8,53,0,23,0,1,1,4.125
393,201811040min,2018-11-04,13:00:00,9,2018,Detroit Lions,Minnesota Vikings,33,10,492,2,3,1.0,11,65,0,20,0,1,1,4.125
789,201912290rav,2019-12-29,16:25:00,17,2019,Pittsburgh Steelers,Baltimore Ravens,38,12,472,2,4,0.0,5,33,0,22,0,1,1,4.125
487,201812160jax,2018-12-16,13:00:00,15,2018,Washington Redskins,Jacksonville Jaguars,29,13,437,1,2,,9,52,1,20,0,1,1,4.12
395,201811040buf,2018-11-04,13:00:00,9,2018,Chicago Bears,Buffalo Bills,50,16,454,4,5,0.0,5,31,0,26,0,0,0,4.115
666,201911030sea,2019-11-03,16:05:00,9,2019,Tampa Bay Buccaneers,Seattle Seahawks,6,23,910,9,2,1.0,5,47,0,25,0,1,1,4.115
657,201910310crd,2019-10-31,20:20:00,9,2019,San Francisco 49ers,Arizona Cardinals,53,11,768,7,0,1.0,4,44,0,19,0,1,0,4.11
553,201909150rav,2019-09-15,13:00:00,2,2019,Arizona Cardinals,Baltimore Ravens,40,14,789,3,0,0.0,5,34,0,20,0,1,1,4.11
737,201912080gnb,2019-12-08,13:00:00,14,2019,Washington Redskins,Green Bay Packers,35,9,603,4,2,1.0,8,57,0,21,0,1,1,4.105
761,201912210nwe,2019-12-21,16:30:00,16,2019,Buffalo Bills,New England Patriots,41,11,682,4,1,0.0,4,32,0,20,0,1,1,4.1
764,201912220atl,2019-12-22,13:00:00,16,2019,Jacksonville Jaguars,Atlanta Falcons,36,13,806,4,3,0.0,4,16,0,21,0,1,1,4.1
715,201912010nyg,2019-12-01,13:00:00,13,2019,Green Bay Packers,New York Giants,44,14,657,5,3,0.0,0,0,0,18,0,0,1,4.09
682,201911100dal,2019-11-10,20:20:00,10,2019,Minnesota Vikings,Dallas Cowboys,52,3,807,6,1,0.0,2,13,0,18,0,1,1,4.085000000000001
288,201809160oti,2018-09-16,13:00:00,2,2018,Houston Texans,Tennessee Titans,37,13,720,4,1,1.0,5,29,0,20,0,1,1,4.085
753,201912150sdg,2019-12-15,16:05:00,15,2019,Minnesota Vikings,Los Angeles Chargers,49,14,689,4,8,0.0,3,24,0,23,0,0,0,4.08
63,202010080chi,2020-10-08,20:20:00,5,2020,Tampa Bay Buccaneers,Chicago Bears,39,9,582,3,2,0.0,6,55,0,22,0,1,1,4.075000000000001
97,202010250nor,2020-10-25,13:00:00,7,2020,Carolina Panthers,New Orleans Saints,51,3,698,6,1,,2,18,0,13,0,1,1,4.07
341,201810070sdg,2018-10-07,16:05:00,5,2018,Oakland Raiders,Los Angeles Chargers,36,13,701,4,2,1.0,4,26,0,19,0,1,1,4.07
410,201811110oti,2018-11-11,13:00:00,10,2018,New England Patriots,Tennessee Titans,44,7,669,5,0,0.0,5,37,0,23,0,1,1,4.065
754,201912150rai,2019-12-15,16:05:00,15,2019,Jacksonville Jaguars,Oakland Raiders,36,14,626,3,0,1.0,6,47,0,19,0,1,1,4.055000000000001
144,202011150ram,2020-11-15,16:25:00,10,2020,Seattle Seahawks,Los Angeles Rams,39,3,722,4,4,1.0,9,47,0,20,0,1,1,4.055
668,201911030sdg,2019-11-03,16:25:00,9,2019,Green Bay Packers,Los Angeles Chargers,37,15,626,3,0,0.0,5,33,0,17,0,1,1,4.045
169,202011290nwe,2020-11-29,13:00:00,12,2020,Arizona Cardinals,New England Patriots,37,10,477,4,3,0.0,5,25,0,18,0,1,1,4.045
87,202010180tam,2020-10-18,16:25:00,6,2020,Green Bay Packers,Tampa Bay Buccaneers,48,0,525,5,2,,5,53,0,23,0,1,1,4.045
284,201809100rai,2018-09-10,22:20:00,1,2018,Los Angeles Rams,Oakland Raiders,46,13,760,3,3,,2,11,0,21,0,0,1,4.045
559,201909150oti,2019-09-15,13:00:00,2,2019,Indianapolis Colts,Tennessee Titans,36,6,531,5,2,0.0,7,60,0,23,0,1,1,4.04
661,201911030mia,2019-11-03,13:00:00,9,2019,New York Jets,Miami Dolphins,44,5,637,4,1,1.0,7,44,0,22,0,1,1,4.04
311,201809230phi,2018-09-23,13:00:00,3,2018,Indianapolis Colts,Philadelphia Eagles,36,10,588,3,2,0.0,7,51,0,22,0,1,1,4.035
51,202010040htx,2020-10-04,13:00:00,4,2020,Minnesota Vikings,Houston Texans,54,14,796,6,1,0.0,6,22,0,22,0,0,0,4.03
269,201809060phi,2018-09-06,20:20:00,1,2018,Atlanta Falcons,Philadelphia Eagles,30,14,531,3,3,0.0,6,39,0,23,0,1,1,4.015000000000001
150,202011220nor,2020-11-22,13:00:00,11,2020,Atlanta Falcons,New Orleans Saints,33,7,624,3,3,0.0,11,59,0,21,0,1,1,4.015000000000001
138,202011150nyg,2020-11-15,13:00:00,10,2020,Philadelphia Eagles,New York Giants,44,6,728,5,0,0.0,6,31,0,21,0,1,1,4.015000000000001
705,201911240phi,2019-11-24,13:00:00,12,2019,Seattle Seahawks,Philadelphia Eagles,26,13,692,3,7,0.0,9,44,0,26,0,0,1,4.01
356,201810140cle,2018-10-14,13:00:00,6,2018,Los Angeles Chargers,Cleveland Browns,52,11,766,6,3,0.0,6,36,0,26,0,0,0,4.0
119,202011050sfo,2020-11-05,20:20:00,9,2020,Green Bay Packers,San Francisco 49ers,51,17,742,6,2,0.0,2,20,0,21,0,0,0,4.0
176,202012020pit,2020-12-02,15:40:00,12,2020,Baltimore Ravens,Pittsburgh Steelers,33,14,553,3,4,0.0,3,20,0,22,0,1,1,4.0
739,201912080crd,2019-12-08,16:25:00,14,2019,Pittsburgh Steelers,Arizona Cardinals,40,10,511,3,5,0.0,8,46,1,18,0,1,0,3.9999999999999996
681,201911100gnb,2019-11-10,16:25:00,10,2019,Carolina Panthers,Green Bay Packers,40,6,789,5,2,1.0,5,34,0,18,0,1,1,3.99
583,201909230was,2019-09-23,20:15:00,3,2019,Chicago Bears,Washington Redskins,46,9,654,5,6,0.0,7,68,0,20,0,0,0,3.9799999999999995
796,202001110sfo,2020-01-11,16:35:00,18,2019,Minnesota Vikings,San Francisco 49ers,37,3,455,4,4,0.0,8,55,0,24,0,1,1,3.9749999999999996
660,201911030phi,2019-11-03,13:00:00,9,2019,Chicago Bears,Philadelphia Eagles,36,10,537,4,1,1.0,7,35,0,22,0,1,1,3.9749999999999996
667,201911030den,2019-11-03,16:25:00,9,2019,Cleveland Browns,Denver Broncos,43,7,653,4,1,0.0,5,30,0,21,0,1,1,3.97
731,201912080cle,2019-12-08,13:00:00,14,2019,Cincinnati Bengals,Cleveland Browns,46,6,784,3,3,0.0,3,21,0,19,0,1,1,3.9650000000000003
517,201812300kan,2018-12-30,16:25:00,17,2018,Oakland Raiders,Kansas City Chiefs,38,7,701,4,5,0.0,3,20,0,19,0,1,1,3.96
21,202009200chi,2020-09-20,13:00:00,2,2020,New York Giants,Chicago Bears,30,10,599,3,4,1.0,8,42,0,19,0,1,1,3.9499999999999993
28,202009200htx,2020-09-20,16:25:00,2,2020,Baltimore Ravens,Houston Texans,49,16,711,3,2,0.0,8,49,0,19,0,0,0,3.945
496,201812230nwe,2018-12-23,13:00:00,16,2018,Buffalo Bills,New England Patriots,36,9,679,4,6,0.0,1,9,0,30,0,1,1,3.945
343,201810070phi,2018-10-07,16:25:00,5,2018,Minnesota Vikings,Philadelphia Eagles,44,18,739,3,3,1.0,4,31,0,21,0,1,0,3.945
292,201809160buf,2018-09-16,13:00:00,2,2018,Los Angeles Chargers,Buffalo Bills,51,10,642,6,2,,7,52,0,23,0,0,0,3.9400000000000004
491,201812160ram,2018-12-16,20:20:00,15,2018,Philadelphia Eagles,Los Angeles Rams,53,10,788,5,4,0.0,2,14,0,24,0,1,0,3.94
378,201810280chi,2018-10-28,13:00:00,8,2018,New York Jets,Chicago Bears,34,17,602,4,0,1.0,3,7,0,21,0,1,1,3.935
362,201810180crd,2018-10-18,20:20:00,7,2018,Denver Broncos,Arizona Cardinals,55,3,532,5,6,0.0,8,51,0,28,0,0,0,3.935
634,201910200atl,2019-10-20,13:00:00,7,2019,Los Angeles Rams,Atlanta Falcons,47,17,605,4,3,1.0,5,38,0,22,0,0,0,3.93
66,202010110rav,2020-10-11,13:00:00,5,2020,Cincinnati Bengals,Baltimore Ravens,30,10,537,2,4,0.0,8,57,0,24,0,1,1,3.925
277,201809090min,2018-09-09,13:00:00,1,2018,San Francisco 49ers,Minnesota Vikings,40,3,670,3,5,0.0,6,41,0,24,0,1,1,3.925
714,201911280atl,2019-11-28,20:20:00,13,2019,New Orleans Saints,Atlanta Falcons,44,15,627,4,3,0.0,9,53,0,24,0,0,0,3.925
582,201909220cle,2019-09-22,20:20:00,3,2019,Los Angeles Rams,Cleveland Browns,33,10,614,3,4,0.0,5,34,0,22,0,1,1,3.9099999999999997
394,201811040was,2018-11-04,13:00:00,9,2018,Atlanta Falcons,Washington Redskins,52,10,857,7,2,1.0,5,32,0,19,0,0,0,3.900000000000001
149,202011220htx,2020-11-22,13:00:00,11,2020,New England Patriots,Houston Texans,47,6,834,5,0,0.0,2,16,0,19,0,1,1,3.9000000000000004
758,201912150pit,2019-12-15,20:20:00,15,2019,Buffalo Bills,Pittsburgh Steelers,27,10,490,3,7,0.0,5,32,0,25,0,1,1,3.9000000000000004
77,202010180jax,2020-10-18,13:00:00,6,2020,Detroit Lions,Jacksonville Jaguars,50,16,678,6,3,0.0,1,12,0,22,0,0,0,3.9
649,201910270atl,2019-10-27,13:00:00,8,2019,Seattle Seahawks,Atlanta Falcons,47,12,832,5,3,1.0,4,30,0,20,0,1,0,3.9
125,202011080was,2020-11-08,13:00:00,9,2020,New York Giants,Washington Football Team,43,10,752,4,5,0.0,7,50,0,22,0,1,0,3.8999999999999995
749,201912150gnb,2019-12-15,13:00:00,15,2019,Chicago Bears,Green Bay Packers,34,10,707,4,3,0.0,4,26,0,25,0,1,1,3.8899999999999997
287,201809160gnb,2018-09-16,13:00:00,2,2018,Minnesota Vikings,Green Bay Packers,0,31,831,5,1,,6,41,0,25,0,1,1,3.885
673,201911100cle,2019-11-10,13:00:00,10,2019,Buffalo Bills,Cleveland Browns,35,14,712,4,0,0.0,3,23,0,21,0,1,1,3.8750000000000004
565,201909150ram,2019-09-15,16:25:00,2,2019,New Orleans Saints,Los Angeles Rams,36,10,624,3,2,0.0,5,34,0,21,0,1,1,3.87
730,201912080buf,2019-12-08,13:00:00,14,2019,Baltimore Ravens,Buffalo Bills,41,15,466,4,2,0.0,7,47,0,27,0,1,0,3.8649999999999998
365,201810210mia,2018-10-21,13:00:00,7,2018,Detroit Lions,Miami Dolphins,53,13,779,6,0,1.0,5,32,0,18,0,0,0,3.8600000000000008
195,202012130tam,2020-12-13,13:00:00,14,2020,Minnesota Vikings,Tampa Bay Buccaneers,40,3,638,5,1,0.0,6,52,0,17,0,1,1,3.8600000000000003
479,201812150den,2018-12-15,20:20:00,15,2018,Cleveland Browns,Denver Broncos,33,10,579,3,4,0.0,4,32,0,22,0,1,1,3.86
443,201811250min,2018-11-25,20:20:00,12,2018,Green Bay Packers,Minnesota Vikings,41,3,670,5,1,0.0,6,43,0,22,0,1,1,3.8550000000000004
280,201809090car,2018-09-09,16:25:00,1,2018,Dallas Cowboys,Carolina Panthers,24,14,525,3,2,0.0,9,47,0,22,0,1,1,3.8549999999999995
276,201809090nyg,2018-09-09,13:00:00,1,2018,Jacksonville Jaguars,New York Giants,35,13,629,2,3,0.0,3,22,0,25,0,1,1,3.85
771,201912220sdg,2019-12-22,16:05:00,16,2019,Oakland Raiders,Los Angeles Chargers,41,6,650,5,0,1.0,4,38,0,20,0,1,1,3.85
357,201810140den,2018-10-14,16:05:00,6,2018,Los Angeles Rams,Denver Broncos,43,13,801,4,2,0.0,7,52,0,22,0,1,0,3.8499999999999996
557,201909150htx,2019-09-15,13:00:00,2,2019,Jacksonville Jaguars,Houston Texans,25,16,544,2,1,1.0,8,57,0,21,0,1,1,3.845
363,201810210sdg,2018-10-21,09:30:00,7,2018,Tennessee Titans,Los Angeles Chargers,39,9,734,4,1,1.0,4,20,0,17,0,1,1,3.8400000000000003
283,201809100det,2018-09-10,19:10:00,1,2018,New York Jets,Detroit Lions,65,0,688,5,7,0.0,2,18,0,26,0,0,0,3.83
225,202012260det,2020-12-26,13:00:00,16,2020,Tampa Bay Buccaneers,Detroit Lions,54,0,774,7,2,0.0,6,53,1,25,0,0,0,3.8250000000000006
113,202011010kan,2020-11-01,13:00:00,8,2020,New York Jets,Kansas City Chiefs,44,7,717,5,1,0.0,1,5,0,21,0,1,1,3.825
639,201910200sea,2019-10-20,16:25:00,7,2019,Baltimore Ravens,Seattle Seahawks,46,13,687,2,2,1.0,2,2,0,18,0,0,1,3.8200000000000003
528,201901060chi,2019-01-06,16:40:00,18,2018,Philadelphia Eagles,Chicago Bears,31,15,656,3,2,1.0,3,20,0,22,0,1,1,3.82
201,202012130sea,2020-12-13,16:05:00,14,2020,New York Jets,Seattle Seahawks,43,3,595,5,2,,4,19,0,22,0,1,1,3.8150000000000004
422,201811180rav,2018-11-18,13:00:00,11,2018,Cincinnati Bengals,Baltimore Ravens,45,3,658,5,1,0.0,4,18,0,23,0,1,1,3.81
373,201810210sfo,2018-10-21,16:25:00,7,2018,Los Angeles Rams,San Francisco 49ers,49,7,567,5,4,0.0,8,58,0,25,0,0,0,3.8099999999999996
439,201811250tam,2018-11-25,13:00:00,12,2018,San Francisco 49ers,Tampa Bay Buccaneers,36,7,754,4,2,,5,35,0,22,0,1,1,3.795
326,201809300crd,2018-09-30,16:05:00,4,2018,Seattle Seahawks,Arizona Cardinals,37,10,594,4,1,0.0,3,21,0,22,0,1,1,3.785
674,201911100cin,2019-11-10,13:00:00,10,2019,Baltimore Ravens,Cincinnati Bengals,62,3,686,6,4,0.0,3,17,0,18,0,0,0,3.785
88,202010180sfo,2020-10-18,20:20:00,6,2020,Los Angeles Rams,San Francisco 49ers,40,10,701,5,1,0.0,0,0,0,21,0,1,1,3.7800000000000002
264,202101170kan,2021-01-17,15:05:00,18,2020,Cleveland Browns,Kansas City Chiefs,39,7,746,4,3,1.0,2,14,0,15,0,1,1,3.77
255,202101030phi,2021-01-03,20:20:00,17,2020,Washington Football Team,Philadelphia Eagles,34,3,464,4,5,0.0,6,38,0,25,0,1,1,3.77
514,201812300nor,2018-12-30,13:00:00,17,2018,Carolina Panthers,New Orleans Saints,47,17,668,6,1,0.0,3,13,0,20,0,0,0,3.7650000000000006
348,201810140mia,2018-10-14,13:00:00,6,2018,Chicago Bears,Miami Dolphins,3,22,1008,7,6,0.0,2,13,0,26,0,1,1,3.765
788,201912290den,2019-12-29,16:25:00,17,2019,Oakland Raiders,Denver Broncos,31,15,715,2,2,0.0,4,20,0,24,0,1,1,3.7600000000000002
122,202011080jax,2020-11-08,13:00:00,9,2020,Houston Texans,Jacksonville Jaguars,52,6,777,6,2,0.0,4,30,0,24,0,1,0,3.7600000000000002
672,201911100nor,2019-11-10,13:00:00,10,2019,Atlanta Falcons,New Orleans Saints,35,13,627,2,1,0.0,7,54,0,19,0,0,1,3.7600000000000002
613,201910070sfo,2019-10-07,20:15:00,5,2019,Cleveland Browns,San Francisco 49ers,34,3,626,4,4,1.0,6,52,0,25,0,1,1,3.76
576,201909220dal,2019-09-22,13:00:00,3,2019,Miami Dolphins,Dallas Cowboys,37,7,759,4,2,0.0,4,23,0,23,0,1,1,3.7350000000000003
711,201911250ram,2019-11-25,20:15:00,12,2019,Baltimore Ravens,Los Angeles Rams,51,10,701,6,2,1.0,5,26,0,18,0,0,0,3.7300000000000004
50,202010040was,2020-10-04,13:00:00,4,2020,Baltimore Ravens,Washington Football Team,48,10,693,6,3,0.0,4,42,0,22,0,0,0,3.7300000000000004
41,202009270clt,2020-09-27,16:05:00,3,2020,New York Jets,Indianapolis Colts,43,5,613,3,3,0.0,2,17,0,21,0,1,1,3.7250000000000005
104,202010260ram,2020-10-26,20:15:00,7,2020,Chicago Bears,Los Angeles Rams,34,7,650,3,3,0.0,5,40,0,24,0,1,1,3.7200000000000006
175,202011300phi,2020-11-30,20:15:00,12,2020,Seattle Seahawks,Philadelphia Eagles,40,14,551,4,1,0.0,8,46,0,23,0,1,0,3.7199999999999998
679,201911100clt,2019-11-10,16:05:00,10,2019,Miami Dolphins,Indianapolis Colts,28,12,529,2,5,0.0,4,23,0,26,0,1,1,3.7150000000000003
105,202010290car,2020-10-29,20:20:00,8,2020,Atlanta Falcons,Carolina Panthers,42,6,705,4,2,0.0,5,33,0,17,0,0,1,3.7150000000000003
446,201812020gnb,2018-12-02,13:00:00,13,2018,Arizona Cardinals,Green Bay Packers,37,10,640,4,0,1.0,3,22,0,22,0,1,1,3.71
556,201909150gnb,2019-09-15,13:00:00,2,2019,Minnesota Vikings,Green Bay Packers,37,0,756,5,6,0.0,3,25,0,29,0,1,1,3.705
465,201812090htx,2018-12-09,13:00:00,14,2018,Indianapolis Colts,Houston Texans,45,7,751,6,1,1.0,7,54,0,23,0,1,0,3.7000000000000006
313,201809230crd,2018-09-23,16:25:00,3,2018,Chicago Bears,Arizona Cardinals,30,3,537,3,6,0.0,7,51,0,22,0,1,1,3.6950000000000003
568,201909190jax,2019-09-19,20:20:00,3,2019,Tennessee Titans,Jacksonville Jaguars,27,10,632,3,1,0.0,9,55,0,23,0,1,1,3.695
684,201911140cle,2019-11-14,20:20:00,11,2019,Pittsburgh Steelers,Cleveland Browns,28,7,529,4,4,0.0,5,47,0,29,0,1,1,3.695
146,202011160chi,2020-11-16,20:15:00,10,2020,Minnesota Vikings,Chicago Bears,32,6,534,2,4,0.0,3,22,1,23,0,1,1,3.69
675,201911100chi,2019-11-10,13:00:00,10,2019,Detroit Lions,Chicago Bears,33,7,583,4,1,0.0,7,38,0,25,0,1,1,3.69
15,202009140den,2020-09-14,22:10:00,1,2020,Tennessee Titans,Denver Broncos,30,16,700,4,1,0.0,1,2,0,21,0,1,1,3.69
626,201910130sdg,2019-10-13,20:20:00,6,2019,Pittsburgh Steelers,Los Angeles Chargers,41,17,604,4,4,,1,4,0,20,0,1,0,3.69
380,201810280det,2018-10-28,13:00:00,8,2018,Seattle Seahawks,Detroit Lions,42,14,744,6,3,0.0,5,24,0,20,0,0,0,3.6800000000000006
92,202010250oti,2020-10-25,13:00:00,7,2020,Pittsburgh Steelers,Tennessee Titans,51,7,654,6,3,0.0,2,10,0,21,0,1,0,3.6799999999999997
456,201812020oti,2018-12-02,16:05:00,13,2018,New York Jets,Tennessee Titans,48,13,683,3,2,,5,13,0,27,0,1,0,3.6750000000000003
471,201812090sfo,2018-12-09,16:05:00,14,2018,Denver Broncos,San Francisco 49ers,34,7,663,4,1,0.0,5,42,0,23,0,1,1,3.6700000000000004
586,201909290htx,2019-09-29,13:00:00,4,2019,Carolina Panthers,Houston Texans,26,6,561,2,5,,9,61,0,23,0,1,1,3.665
775,201912230min,2019-12-23,20:15:00,16,2019,Green Bay Packers,Minnesota Vikings,33,6,522,3,4,0.0,8,57,0,27,0,0,1,3.6550000000000002
716,201912010jax,2019-12-01,13:00:00,13,2019,Tampa Bay Buccaneers,Jacksonville Jaguars,39,11,557,3,5,0.0,9,74,0,24,0,0,0,3.6499999999999995
646,201910270chi,2019-10-27,13:00:00,8,2019,Los Angeles Chargers,Chicago Bears,33,7,619,3,3,1.0,5,33,0,21,0,1,1,3.6450000000000005
461,201812060oti,2018-12-06,20:20:00,14,2018,Jacksonville Jaguars,Tennessee Titans,39,0,681,5,2,0.0,5,45,0,21,0,1,1,3.6450000000000005
766,201912220cle,2019-12-22,13:00:00,16,2019,Baltimore Ravens,Cleveland Browns,46,16,722,6,2,0.0,1,8,0,20,0,0,0,3.64
717,201912010pit,2019-12-01,13:00:00,13,2019,Cleveland Browns,Pittsburgh Steelers,33,6,602,3,3,0.0,6,36,0,20,0,1,1,3.64
736,201912080min,2019-12-08,13:00:00,14,2019,Detroit Lions,Minnesota Vikings,27,10,585,3,2,0.0,6,52,0,24,0,1,1,3.6399999999999997
330,201809300pit,2018-09-30,20:20:00,4,2018,Baltimore Ravens,Pittsburgh Steelers,40,9,735,3,3,0.0,3,17,0,24,0,0,1,3.6350000000000007
387,201810280crd,2018-10-28,16:25:00,8,2018,San Francisco 49ers,Arizona Cardinals,33,18,588,3,2,,7,49,0,23,0,1,0,3.6350000000000007
106,202011010gnb,2020-11-01,13:00:00,8,2020,Minnesota Vikings,Green Bay Packers,50,8,724,7,1,0.0,2,9,0,15,0,1,0,3.6350000000000002
777,201912290min,2019-12-29,13:00:00,17,2019,Chicago Bears,Minnesota Vikings,40,16,637,2,4,0.0,4,28,0,19,0,1,0,3.6300000000000003
759,201912160nor,2019-12-16,20:15:00,15,2019,Indianapolis Colts,New Orleans Saints,41,7,629,5,0,0.0,1,6,0,17,0,1,1,3.63
436,201811250cin,2018-11-25,13:00:00,12,2018,Cleveland Browns,Cincinnati Bengals,55,6,714,8,2,0.0,1,12,0,21,0,0,0,3.6200000000000006
706,201911240chi,2019-11-24,13:00:00,12,2019,New York Giants,Chicago Bears,33,7,578,4,3,0.0,3,24,0,25,0,1,1,3.62
697,201911180sdg,2019-11-18,20:15:00,11,2019,Kansas City Chiefs,Los Angeles Chargers,41,0,748,4,5,1.0,3,10,0,24,0,1,1,3.61
388,201810280min,2018-10-28,20:20:00,8,2018,New Orleans Saints,Minnesota Vikings,50,10,693,5,3,0.0,4,21,0,18,0,0,0,3.605
260,202101100nor,2021-01-10,16:40:00,18,2020,Chicago Bears,New Orleans Saints,30,13,624,4,1,0.0,2,11,0,19,0,1,1,3.595
457,201812020nwe,2018-12-02,16:25:00,13,2018,Minnesota Vikings,New England Patriots,34,7,749,4,3,0.0,2,18,0,23,0,1,1,3.59
236,202012270sea,2020-12-27,16:25:00,16,2020,Los Angeles Rams,Seattle Seahawks,29,10,626,2,1,0.0,8,46,0,21,0,1,1,3.5899999999999994
598,201909300pit,2019-09-30,20:15:00,4,2019,Cincinnati Bengals,Pittsburgh Steelers,30,3,501,3,3,0.0,8,69,0,20,0,1,1,3.585
203,202012130sdg,2020-12-13,16:25:00,14,2020,Atlanta Falcons,Los Angeles Chargers,37,3,664,4,4,,3,17,0,17,0,1,1,3.585
370,201810210tam,2018-10-21,13:00:00,7,2018,Cleveland Browns,Tampa Bay Buccaneers,3,14,761,6,5,0.0,9,52,0,30,0,1,1,3.58
305,201809230rav,2018-09-23,13:00:00,3,2018,Denver Broncos,Baltimore Ravens,41,0,635,5,1,0.0,5,31,0,23,0,1,1,3.575
390,201811010sfo,2018-11-01,20:20:00,9,2018,Oakland Raiders,San Francisco 49ers,37,3,647,4,0,0.0,8,39,0,20,0,1,1,3.5749999999999997
713,201911280dal,2019-11-28,16:30:00,13,2019,Buffalo Bills,Dallas Cowboys,41,11,782,5,2,0.0,8,59,0,20,0,0,0,3.5749999999999997
561,201909150nyg,2019-09-15,13:00:00,2,2019,Buffalo Bills,New York Giants,42,14,758,6,2,0.0,4,25,0,24,0,0,0,3.5650000000000004
392,201811040rav,2018-11-04,13:00:00,9,2018,Pittsburgh Steelers,Baltimore Ravens,39,6,660,4,0,0.0,3,24,0,18,0,1,1,3.56
607,201910060was,2019-10-06,13:00:00,5,2019,New England Patriots,Washington Redskins,40,7,665,5,3,0.0,10,80,0,29,0,0,0,3.5599999999999996
295,201809160ram,2018-09-16,16:05:00,2,2018,Arizona Cardinals,Los Angeles Rams,34,7,569,4,2,0.0,3,19,0,20,0,1,1,3.5550000000000006
302,201809230atl,2018-09-23,13:00:00,3,2018,New Orleans Saints,Atlanta Falcons,6,30,941,10,0,1.0,4,20,0,25,0,1,0,3.5500000000000003
75,202010120nor,2020-10-12,20:15:00,5,2020,Los Angeles Chargers,New Orleans Saints,3,21,758,7,1,0.0,5,37,0,27,0,1,1,3.5450000000000004
186,202012060sdg,2020-12-06,16:25:00,13,2020,New England Patriots,Los Angeles Chargers,45,10,549,4,2,0.0,4,25,1,21,0,0,0,3.545
399,201811040den,2018-11-04,16:05:00,9,2018,Houston Texans,Denver Broncos,36,3,638,4,1,0.0,6,38,0,22,0,1,1,3.53
38,202009270nyg,2020-09-27,13:00:00,3,2020,San Francisco 49ers,New York Giants,45,13,651,4,3,0.0,4,30,0,17,0,0,0,3.53
738,201912080jax,2019-12-08,16:05:00,14,2019,Los Angeles Chargers,Jacksonville Jaguars,55,7,777,7,0,0.0,3,17,0,19,0,0,0,3.5250000000000004
58,202010040ram,2020-10-04,16:05:00,4,2020,New York Giants,Los Angeles Rams,26,10,535,2,2,0.0,7,49,0,20,0,1,1,3.5250000000000004
685,201911170tam,2019-11-17,13:00:00,11,2019,New Orleans Saints,Tampa Bay Buccaneers,51,7,662,5,4,0.0,3,24,0,19,0,0,0,3.52
398,201811040sea,2018-11-04,16:05:00,9,2018,Los Angeles Chargers,Seattle Seahawks,42,13,731,5,1,1.0,6,46,0,22,0,0,0,3.5100000000000002
612,201910060kan,2019-10-06,20:20:00,5,2019,Indianapolis Colts,Kansas City Chiefs,32,9,655,2,2,0.0,4,33,0,20,0,1,1,3.5050000000000003
695,201911170rai,2019-11-17,16:25:00,11,2019,Cincinnati Bengals,Oakland Raiders,27,3,632,3,4,0.0,8,61,0,23,0,1,1,3.505
698,201911210htx,2019-11-21,20:20:00,12,2019,Indianapolis Colts,Houston Texans,37,7,692,4,1,0.0,2,9,0,18,0,1,1,3.505
103,202010250crd,2020-10-25,20:20:00,7,2020,Seattle Seahawks,Arizona Cardinals,3,17,1091,8,5,0.0,2,16,0,25,0,1,1,3.5000000000000004
680,201911100pit,2019-11-10,16:25:00,10,2019,Los Angeles Rams,Pittsburgh Steelers,29,5,579,1,6,0.0,7,36,0,30,0,1,1,3.5000000000000004
17,202009200nyj,2020-09-20,13:00:00,2,2020,San Francisco 49ers,New York Jets,44,14,636,5,1,0.0,4,31,0,22,0,0,0,3.495
84,202010180car,2020-10-18,13:00:00,6,2020,Chicago Bears,Carolina Panthers,39,13,564,3,4,0.0,4,25,0,21,0,1,0,3.4949999999999997
662,201911030buf,2019-11-03,13:00:00,9,2019,Washington Redskins,Buffalo Bills,33,7,511,3,0,0.0,6,42,0,19,0,1,1,3.49
516,201812300min,2018-12-30,16:25:00,17,2018,Chicago Bears,Minnesota Vikings,34,11,496,4,0,0.0,4,31,0,21,0,0,1,3.485
259,202101100oti,2021-01-10,13:05:00,18,2020,Baltimore Ravens,Tennessee Titans,33,6,610,3,2,1.0,6,21,0,19,0,1,1,3.485
315,201809230det,2018-09-23,20:20:00,3,2018,New England Patriots,Detroit Lions,36,6,623,3,2,0.0,3,20,0,20,0,1,1,3.48
448,201812020nyg,2018-12-02,13:00:00,13,2018,Chicago Bears,New York Giants,3,16,714,5,4,0.0,8,50,0,28,0,1,1,3.47
156,202011220den,2020-11-22,16:05:00,11,2020,Miami Dolphins,Denver Broncos,33,3,682,3,3,0.0,6,33,0,21,0,1,1,3.4450000000000003
32,202009240jax,2020-09-24,20:20:00,3,2020,Miami Dolphins,Jacksonville Jaguars,44,9,612,6,2,0.0,5,33,0,20,0,0,0,3.4250000000000003
389,201810290buf,2018-10-29,20:15:00,8,2018,New England Patriots,Buffalo Bills,31,13,720,1,2,0.0,5,39,0,23,0,0,1,3.4250000000000003
10,202009130cin,2020-09-13,16:05:00,1,2020,Los Angeles Chargers,Cincinnati Bengals,29,10,657,2,2,0.0,5,21,0,25,0,1,1,3.425
323,201809300gnb,2018-09-30,13:00:00,4,2018,Buffalo Bills,Green Bay Packers,22,3,568,2,5,0.0,9,80,0,24,0,1,1,3.42
751,201912150cin,2019-12-15,13:00:00,15,2019,New England Patriots,Cincinnati Bengals,47,10,606,4,5,0.0,2,12,0,24,0,0,0,3.42
131,202011080tam,2020-11-08,20:20:00,9,2020,New Orleans Saints,Tampa Bay Buccaneers,41,10,614,5,5,0.0,4,23,0,22,0,0,0,3.4150000000000005
703,201911240cin,2019-11-24,13:00:00,12,2019,Pittsburgh Steelers,Cincinnati Bengals,26,6,582,2,3,,7,58,0,27,0,1,1,3.41
220,202012200ram,2020-12-20,16:05:00,15,2020,New York Jets,Los Angeles Rams,43,10,592,4,1,0.0,5,31,0,22,0,1,0,3.405
120,202011080clt,2020-11-08,13:00:00,9,2020,Baltimore Ravens,Indianapolis Colts,34,10,605,3,3,0.0,2,14,0,22,0,0,1,3.4
437,201811250nyj,2018-11-25,13:00:00,12,2018,New England Patriots,New York Jets,40,7,836,4,1,0.0,2,12,0,21,0,0,1,3.39
643,201910270buf,2019-10-27,13:00:00,8,2019,Philadelphia Eagles,Buffalo Bills,44,7,624,6,2,0.0,7,33,0,24,0,0,0,3.3850000000000007
719,201912010rav,2019-12-01,13:00:00,13,2019,San Francisco 49ers,Baltimore Ravens,37,3,614,4,2,0.0,3,8,0,16,0,1,1,3.3800000000000003
552,201909120car,2019-09-12,20:20:00,2,2019,Tampa Bay Buccaneers,Carolina Panthers,34,5,641,2,1,0.0,6,39,0,26,0,1,1,3.3750000000000004
494,201812220sdg,2018-12-22,20:20:00,16,2018,Baltimore Ravens,Los Angeles Chargers,32,6,559,2,4,0.0,7,36,0,24,0,0,1,3.3700000000000006
500,201812230mia,2018-12-23,13:00:00,16,2018,Jacksonville Jaguars,Miami Dolphins,24,10,427,2,3,,9,52,0,20,0,0,1,3.37
145,202011150nwe,2020-11-15,20:20:00,10,2020,Baltimore Ravens,New England Patriots,40,0,665,5,1,0.0,3,14,0,19,0,1,1,3.37
772,201912220sea,2019-12-22,16:25:00,16,2019,Arizona Cardinals,Seattle Seahawks,40,13,636,4,1,0.0,7,44,0,26,0,0,0,3.36
532,201901130nor,2019-01-13,16:40:00,18,2018,Philadelphia Eagles,New Orleans Saints,34,3,670,4,3,1.0,2,18,0,20,0,1,1,3.3499999999999996
180,202012060min,2020-12-06,13:00:00,13,2020,Jacksonville Jaguars,Minnesota Vikings,3,13,810,5,6,,6,44,0,30,0,1,1,3.3400000000000003
546,201909080crd,2019-09-08,16:25:00,1,2019,Detroit Lions,Arizona Cardinals,6,25,864,5,3,0.0,8,57,0,31,0,1,0,3.3350000000000004
319,201809300oti,2018-09-30,13:00:00,4,2018,Philadelphia Eagles,Tennessee Titans,9,13,829,5,2,1.0,7,50,0,24,0,1,1,3.33
397,201811040mia,2018-11-04,13:00:00,9,2018,New York Jets,Miami Dolphins,19,10,450,0,4,0.0,8,62,0,26,0,1,1,3.3099999999999996
492,201812170car,2018-12-17,20:15:00,15,2018,New Orleans Saints,Carolina Panthers,21,8,593,2,4,0.0,6,44,0,21,0,1,1,3.3000000000000003
151,202011220was,2020-11-22,13:00:00,11,2020,Cincinnati Bengals,Washington Football Team,29,3,597,3,3,0.0,6,36,0,24,0,1,1,3.3000000000000003
520,201812300den,2018-12-30,16:25:00,17,2018,Los Angeles Chargers,Denver Broncos,32,15,646,3,8,0.0,2,20,0,25,0,0,0,3.3
217,202012200was,2020-12-20,13:00:00,15,2020,Seattle Seahawks,Washington Football Team,35,12,655,4,3,0.0,4,26,0,20,0,1,0,3.3
96,202010250was,2020-10-25,13:00:00,7,2020,Dallas Cowboys,Washington Football Team,28,3,539,3,1,0.0,8,60,0,19,0,1,1,3.3
249,202101030car,2021-01-03,16:25:00,17,2020,New Orleans Saints,Carolina Panthers,40,7,667,5,5,0.0,5,35,0,23,0,0,0,3.295
321,201809300clt,2018-09-30,13:00:00,4,2018,Houston Texans,Indianapolis Colts,9,17,944,7,3,0.0,11,55,0,29,0,1,0,3.285
793,202001040nwe,2020-01-04,20:15:00,18,2019,Tennessee Titans,New England Patriots,33,6,579,3,3,0.0,1,5,0,19,0,1,1,3.285
594,201909290crd,2019-09-29,16:05:00,4,2019,Seattle Seahawks,Arizona Cardinals,37,14,661,3,1,,8,50,0,18,0,0,0,3.27
235,202012270was,2020-12-27,16:05:00,16,2020,Carolina Panthers,Washington Football Team,33,7,666,3,6,0.0,7,43,0,23,0,1,0,3.2649999999999997
13,202009130ram,2020-09-13,20:20:00,1,2020,Dallas Cowboys,Los Angeles Rams,37,0,802,4,1,0.0,4,28,0,21,0,1,1,3.2600000000000002
616,201910130mia,2019-10-13,13:00:00,6,2019,Washington Redskins,Miami Dolphins,33,13,582,4,2,1.0,5,30,0,25,0,1,0,3.2600000000000002
610,201910060sdg,2019-10-06,16:05:00,5,2019,Denver Broncos,Los Angeles Chargers,33,9,596,2,5,0.0,3,23,1,23,0,1,0,3.245
522,201812300pit,2018-12-30,16:25:00,17,2018,Cincinnati Bengals,Pittsburgh Steelers,29,9,539,1,1,0.0,5,33,0,20,0,1,1,3.245
603,201910060oti,2019-10-06,13:00:00,5,2019,Buffalo Bills,Tennessee Titans,21,7,565,3,1,0.0,9,48,0,23,0,1,1,3.24
188,202012060kan,2020-12-06,20:20:00,13,2020,Denver Broncos,Kansas City Chiefs,38,3,777,3,2,0.0,1,5,0,19,0,1,1,3.225
89,202010190buf,2020-10-19,17:00:00,6,2020,Kansas City Chiefs,Buffalo Bills,43,13,672,5,2,1.0,1,4,0,18,0,0,0,3.22
69,202010110was,2020-10-11,13:00:00,5,2020,Los Angeles Rams,Washington Football Team,40,7,537,5,1,0.0,9,50,0,26,0,0,0,3.21
411,201811110nyj,2018-11-11,13:00:00,10,2018,Buffalo Bills,New York Jets,51,3,650,5,2,0.0,4,27,0,24,0,0,0,3.1750000000000007
42,202009270sdg,2020-09-27,16:05:00,3,2020,Carolina Panthers,Los Angeles Chargers,37,9,738,3,4,,4,25,0,20,0,1,0,3.1750000000000003
595,201909290chi,2019-09-29,16:25:00,4,2019,Minnesota Vikings,Chicago Bears,22,6,491,2,2,0.0,7,58,0,20,0,1,1,3.17
468,201812090kan,2018-12-09,13:00:00,14,2018,Baltimore Ravens,Kansas City Chiefs,3,14,763,6,2,0.0,5,49,0,21,0,1,1,3.165
585,201909290nyg,2019-09-29,13:00:00,4,2019,Washington Redskins,New York Giants,27,0,565,2,8,1.0,3,23,0,22,0,1,1,3.1550000000000002
781,201912290buf,2019-12-29,13:00:00,17,2019,New York Jets,Buffalo Bills,19,13,580,1,4,,3,15,0,23,0,1,1,3.1550000000000002
35,202009270phi,2020-09-27,13:00:00,3,2020,Cincinnati Bengals,Philadelphia Eagles,0,13,682,4,2,,11,75,0,28,0,1,1,3.155
688,201911170car,2019-11-17,13:00:00,11,2019,Atlanta Falcons,Carolina Panthers,32,6,696,2,4,0.0,8,74,1,22,0,0,0,3.15
704,201911240nyj,2019-11-24,13:00:00,12,2019,Oakland Raiders,New York Jets,37,0,609,3,3,0.0,2,9,0,24,0,1,1,3.145
133,202011120oti,2020-11-12,20:20:00,10,2020,Indianapolis Colts,Tennessee Titans,51,7,724,5,0,0.0,2,21,0,17,0,0,0,3.145
481,201812160rav,2018-12-16,13:00:00,15,2018,Tampa Bay Buccaneers,Baltimore Ravens,32,3,611,3,3,0.0,3,4,0,19,0,1,1,3.14
642,201910240min,2019-10-24,20:20:00,8,2019,Washington Redskins,Minnesota Vikings,28,3,650,1,3,0.0,7,44,0,16,0,1,1,3.14
335,201810070buf,2018-10-07,13:00:00,5,2018,Tennessee Titans,Buffalo Bills,25,9,444,1,4,0.0,3,11,0,18,0,1,1,3.1350000000000002
239,202012280nwe,2020-12-28,20:15:00,16,2020,Buffalo Bills,New England Patriots,47,7,675,6,0,1.0,3,22,0,19,0,0,0,3.1300000000000003
651,201910270ram,2019-10-27,13:00:00,8,2019,Cincinnati Bengals,Los Angeles Rams,34,0,871,4,0,0.0,5,32,0,18,0,1,1,3.1200000000000006
510,201812300htx,2018-12-30,13:00:00,17,2018,Jacksonville Jaguars,Houston Texans,23,3,461,2,3,1.0,9,44,0,24,0,1,1,3.12
549,201909080nwe,2019-09-08,20:20:00,1,2019,Pittsburgh Steelers,New England Patriots,36,3,773,3,1,0.0,2,7,0,21,0,1,1,3.115
776,201912290car,2019-12-29,13:00:00,17,2019,New Orleans Saints,Carolina Panthers,52,0,708,6,3,0.0,3,14,0,26,0,0,0,3.11
489,201812160sfo,2018-12-16,16:05:00,15,2018,Seattle Seahawks,San Francisco 49ers,3,13,736,4,1,1.0,6,38,1,25,0,1,1,3.11
116,202011010chi,2020-11-01,16:25:00,8,2020,New Orleans Saints,Chicago Bears,3,17,723,4,1,0.0,6,47,0,24,0,1,1,3.095
792,202001040htx,2020-01-04,16:35:00,18,2019,Buffalo Bills,Houston Texans,3,14,785,3,2,0.0,10,55,0,23,0,1,1,3.0949999999999998
700,201911240buf,2019-11-24,13:00:00,12,2019,Denver Broncos,Buffalo Bills,23,7,558,2,2,,5,38,0,21,0,1,1,3.0900000000000003
95,202010250nyj,2020-10-25,13:00:00,7,2020,Buffalo Bills,New York Jets,28,6,613,1,3,0.0,8,40,0,19,0,0,1,3.0900000000000003
185,202012060sea,2020-12-06,16:05:00,13,2020,New York Giants,Seattle Seahawks,29,10,617,3,3,0.0,7,52,0,24,0,1,0,3.09
768,201912220nyj,2019-12-22,13:00:00,16,2019,Pittsburgh Steelers,New York Jets,26,3,519,2,3,0.0,6,37,0,24,0,1,1,3.0850000000000004
182,202012060mia,2020-12-06,13:00:00,13,2020,Cincinnati Bengals,Miami Dolphins,26,3,602,2,3,1.0,6,37,0,21,0,1,1,3.0850000000000004
504,201812230crd,2018-12-23,16:05:00,16,2018,Los Angeles Rams,Arizona Cardinals,40,7,724,5,1,0.0,6,47,0,19,0,0,0,3.0749999999999997
696,201911170ram,2019-11-17,20:20:00,11,2019,Chicago Bears,Los Angeles Rams,24,7,550,3,3,0.0,3,6,0,25,0,1,1,3.07
723,201912010crd,2019-12-01,16:05:00,13,2019,Los Angeles Rams,Arizona Cardinals,41,7,747,4,1,0.0,7,49,0,23,0,0,0,3.0650000000000004
592,201909290mia,2019-09-29,13:00:00,4,2019,Los Angeles Chargers,Miami Dolphins,40,10,623,4,1,0.0,6,25,0,16,0,0,0,3.045
797,202001110rav,2020-01-11,20:15:00,18,2019,Tennessee Titans,Baltimore Ravens,40,6,830,5,3,0.0,5,28,0,22,0,0,0,3.0400000000000005
588,201909290buf,2019-09-29,13:00:00,4,2019,New England Patriots,Buffalo Bills,26,0,599,2,5,0.0,5,40,0,27,0,1,1,3.0400000000000005
490,201812160pit,2018-12-16,16:25:00,15,2018,New England Patriots,Pittsburgh Steelers,27,3,744,3,3,0.0,3,24,0,19,0,1,1,3.04
181,202012060atl,2020-12-06,13:00:00,13,2020,New Orleans Saints,Atlanta Falcons,37,7,756,4,2,0.0,5,26,0,23,0,1,0,3.04
273,201809090cle,2018-09-09,13:00:00,1,2018,Pittsburgh Steelers,Cleveland Browns,0,14,799,6,7,0.0,11,69,0,38,0,1,0,3.035
297,201809160den,2018-09-16,16:25:00,2,2018,Oakland Raiders,Denver Broncos,39,10,758,4,1,0.0,2,12,0,20,0,1,0,3.0300000000000002
683,201911110sfo,2019-11-11,20:15:00,10,2019,Seattle Seahawks,San Francisco 49ers,3,17,638,3,7,0.0,10,76,0,30,0,1,0,3.03
562,201909150det,2019-09-15,13:00:00,2,2019,Los Angeles Chargers,Detroit Lions,23,7,763,3,4,1.0,1,6,0,20,0,1,1,3.03
545,201909080sdg,2019-09-08,16:05:00,1,2019,Indianapolis Colts,Los Angeles Chargers,6,8,811,7,2,1.0,6,40,0,18,0,1,1,3.0200000000000005
226,202012260crd,2020-12-26,16:30:00,16,2020,San Francisco 49ers,Arizona Cardinals,32,12,748,4,3,0.0,6,28,0,24,0,0,0,3.02
294,201809160nyj,2018-09-16,13:00:00,2,2018,Miami Dolphins,New York Jets,32,6,619,4,5,,7,60,0,24,0,0,0,3.0199999999999996
347,201810110nyg,2018-10-11,20:20:00,6,2018,Philadelphia Eagles,New York Giants,47,3,780,5,1,0.0,5,34,0,25,0,0,0,3.0100000000000002
157,202011220clt,2020-11-22,16:25:00,11,2020,Green Bay Packers,Indianapolis Colts,3,9,787,7,6,0.0,2,18,0,25,0,1,1,3.01
445,201811290dal,2018-11-29,20:20:00,13,2018,New Orleans Saints,Dallas Cowboys,23,0,484,2,3,0.0,9,56,0,18,0,1,1,3.0
597,201909290nor,2019-09-29,20:20:00,4,2019,Dallas Cowboys,New Orleans Saints,22,3,523,1,4,0.0,6,55,0,18,0,1,1,2.9950000000000006
148,202011220rav,2020-11-22,13:00:00,11,2020,Tennessee Titans,Baltimore Ravens,6,14,729,5,2,1.0,3,25,0,20,0,1,1,2.9850000000000003
485,201812160buf,2018-12-16,13:00:00,15,2018,Detroit Lions,Buffalo Bills,27,7,625,4,0,0.0,1,9,0,21,0,1,1,2.985
78,202010180nwe,2020-10-18,13:00:00,6,2020,Denver Broncos,New England Patriots,30,9,587,1,5,0.0,6,49,0,22,0,1,0,2.9750000000000005
196,202012130nyg,2020-12-13,13:00:00,14,2020,Arizona Cardinals,New York Giants,33,6,549,3,3,0.0,9,77,0,24,0,0,0,2.965
645,201910270clt,2019-10-27,13:00:00,8,2019,Denver Broncos,Indianapolis Colts,28,3,597,2,1,,7,19,0,22,0,1,1,2.9550000000000005
741,201912080nwe,2019-12-08,16:25:00,14,2019,Kansas City Chiefs,New England Patriots,39,3,624,4,3,0.0,4,32,0,24,0,1,0,2.95
205,202012130sfo,2020-12-13,16:25:00,14,2020,Washington Football Team,San Francisco 49ers,38,8,537,2,4,0.0,6,37,0,30,0,0,0,2.945
86,202010180mia,2020-10-18,16:05:00,6,2020,New York Jets,Miami Dolphins,24,0,565,3,3,0.0,5,46,0,28,0,1,1,2.93
248,202101030ram,2021-01-03,16:25:00,17,2020,Arizona Cardinals,Los Angeles Rams,25,3,547,1,3,1.0,6,34,0,22,0,1,1,2.9299999999999997
136,202011150cle,2020-11-15,13:00:00,10,2020,Houston Texans,Cleveland Browns,17,14,599,2,0,0.0,3,17,0,16,0,1,1,2.925
193,202012130cin,2020-12-13,13:00:00,14,2020,Dallas Cowboys,Cincinnati Bengals,37,10,581,3,3,0.0,4,28,0,17,0,0,0,2.9200000000000004
65,202010110nyj,2020-10-11,13:00:00,5,2020,Arizona Cardinals,New York Jets,40,6,781,5,1,0.0,4,44,0,21,0,0,0,2.9200000000000004
192,202012100ram,2020-12-10,20:20:00,14,2020,New England Patriots,Los Angeles Rams,27,0,538,2,2,0.0,7,38,0,23,0,1,1,2.9099999999999997
64,202010110atl,2020-10-11,13:00:00,5,2020,Carolina Panthers,Atlanta Falcons,39,9,810,3,1,1.0,2,19,0,18,0,1,0,2.9050000000000007
535,201902030ram,2019-02-03,18:30:00,18,2018,Los Angeles Rams,New England Patriots,16,10,667,1,2,0.0,5,40,0,25,0,1,1,2.9000000000000004
604,201910060pit,2019-10-06,13:00:00,5,2019,Baltimore Ravens,Pittsburgh Steelers,3,9,546,4,5,1.0,6,33,0,24,0,1,1,2.865
303,201809230min,2018-09-23,13:00:00,3,2018,Buffalo Bills,Minnesota Vikings,33,6,584,4,3,0.0,7,50,0,23,0,0,0,2.8500000000000005
100,202010250nwe,2020-10-25,16:25:00,7,2020,San Francisco 49ers,New England Patriots,39,3,708,4,6,,3,22,0,18,0,0,0,2.85
354,201810140rai,2018-10-14,13:00:00,6,2018,Seattle Seahawks,Oakland Raiders,30,10,554,3,3,0.0,7,44,0,17,0,0,0,2.8400000000000003
694,201911170phi,2019-11-17,16:25:00,11,2019,New England Patriots,Philadelphia Eagles,27,0,553,2,1,0.0,6,47,0,26,0,1,1,2.8350000000000004
475,201812090chi,2018-12-09,20:20:00,14,2018,Los Angeles Rams,Chicago Bears,21,0,508,1,7,0.0,4,35,0,25,0,1,1,2.835
154,202011220car,2020-11-22,13:00:00,11,2020,Detroit Lions,Carolina Panthers,20,3,559,2,3,0.0,6,33,0,22,0,1,1,2.825
625,201910130den,2019-10-13,16:25:00,6,2019,Tennessee Titans,Denver Broncos,16,3,474,1,4,0.0,8,52,0,28,0,1,1,2.8200000000000003
405,201811110tam,2018-11-11,13:00:00,10,2018,Washington Redskins,Tampa Bay Buccaneers,19,10,787,1,4,,5,16,0,19,0,0,1,2.8100000000000005
641,201910210nyj,2019-10-21,20:15:00,7,2019,New England Patriots,New York Jets,33,7,477,4,7,0.0,1,13,0,27,0,0,0,2.805
628,201910170den,2019-10-17,20:20:00,7,2019,Kansas City Chiefs,Denver Broncos,36,3,476,3,1,0.0,10,81,0,25,0,0,0,2.8049999999999997
601,201910060nyg,2019-10-06,13:00:00,5,2019,Minnesota Vikings,New York Giants,38,3,701,3,2,0.0,7,62,0,19,0,0,0,2.7500000000000004
171,202011290den,2020-11-29,16:05:00,12,2020,New Orleans Saints,Denver Broncos,34,7,404,4,4,,4,16,0,24,0,0,0,2.74
767,201912220was,2019-12-22,13:00:00,16,2019,New York Giants,Washington Redskins,6,14,913,11,0,,4,27,0,22,0,1,0,2.7250000000000005
497,201812230det,2018-12-23,13:00:00,16,2018,Minnesota Vikings,Detroit Lions,36,10,563,3,0,0.0,5,37,0,24,0,0,0,2.725
720,201912010cin,2019-12-01,13:00:00,13,2019,New York Jets,Cincinnati Bengals,28,0,548,2,0,0.0,5,40,0,23,0,1,1,2.7200000000000006
620,201910130jax,2019-10-13,13:00:00,6,2019,New Orleans Saints,Jacksonville Jaguars,19,7,552,1,1,0.0,5,30,0,20,0,1,1,2.7100000000000004
452,201812020cin,2018-12-02,13:00:00,13,2018,Denver Broncos,Cincinnati Bengals,34,3,674,4,4,,6,42,0,25,0,0,0,2.71
745,201912150kan,2019-12-15,13:00:00,15,2019,Denver Broncos,Kansas City Chiefs,26,0,670,2,2,0.0,5,22,0,17,0,1,1,2.71
488,201812160clt,2018-12-16,13:00:00,15,2018,Dallas Cowboys,Indianapolis Colts,23,3,662,2,2,0.0,3,26,0,15,0,1,1,2.71
29,202009200sdg,2020-09-20,16:25:00,2,2020,Kansas City Chiefs,Los Angeles Chargers,3,14,893,4,1,0.0,3,28,0,20,0,1,1,2.7
564,201909150den,2019-09-15,16:25:00,2,2019,Chicago Bears,Denver Broncos,30,14,645,2,1,1.0,2,10,0,19,0,1,0,2.7
773,201912220phi,2019-12-22,16:25:00,16,2019,Dallas Cowboys,Philadelphia Eagles,26,3,742,2,1,0.0,3,14,0,22,0,1,1,2.69
45,202009270den,2020-09-27,16:25:00,3,2020,Tampa Bay Buccaneers,Denver Broncos,38,0,579,4,2,0.0,8,57,0,23,0,0,0,2.685
780,201912290tam,2019-12-29,13:00:00,17,2019,Atlanta Falcons,Tampa Bay Buccaneers,6,6,702,3,4,0.0,7,35,0,23,0,1,1,2.675
743,201912090phi,2019-12-09,20:15:00,14,2019,New York Giants,Philadelphia Eagles,6,7,673,5,1,0.0,5,46,0,27,0,1,1,2.6700000000000004
152,202011220jax,2020-11-22,13:00:00,11,2020,Pittsburgh Steelers,Jacksonville Jaguars,30,10,579,3,5,0.0,2,18,0,25,0,0,0,2.6699999999999995
279,201809090crd,2018-09-09,16:25:00,1,2018,Washington Redskins,Arizona Cardinals,30,9,642,4,3,0.0,5,16,0,20,0,0,0,2.66
658,201911030jax,2019-11-03,09:30:00,9,2019,Houston Texans,Jacksonville Jaguars,29,7,766,3,5,0.0,5,34,0,21,0,0,0,2.65
290,201809160was,2018-09-16,13:00:00,2,2018,Indianapolis Colts,Washington Redskins,30,10,615,3,3,0.0,4,25,0,23,0,0,0,2.625
505,201812230sfo,2018-12-23,16:05:00,16,2018,Chicago Bears,San Francisco 49ers,23,0,604,2,3,0.0,4,20,0,18,0,1,1,2.6200000000000006
563,201909150rai,2019-09-15,16:05:00,2,2019,Kansas City Chiefs,Oakland Raiders,38,0,774,5,3,1.0,5,27,0,22,0,0,0,2.5949999999999998
536,201909050chi,2019-09-05,20:20:00,1,2019,Green Bay Packers,Chicago Bears,13,3,467,1,1,0.0,10,57,0,25,0,1,1,2.565
112,202011010cle,2020-11-01,13:00:00,8,2020,Las Vegas Raiders,Cleveland Browns,22,10,532,1,1,1.0,2,11,0,13,0,0,1,2.5450000000000004
709,201911240nwe,2019-11-24,16:25:00,12,2019,Dallas Cowboys,New England Patriots,22,6,603,1,1,0.0,2,9,0,24,0,1,1,2.545
268,202102070tam,2021-02-07,18:30:00,18,2020,Tampa Bay Buccaneers,Kansas City Chiefs,40,0,690,4,2,0.0,4,33,0,22,0,0,0,2.4850000000000003
495,201812230car,2018-12-23,13:00:00,16,2018,Atlanta Falcons,Carolina Panthers,34,0,863,4,6,0.0,3,23,0,24,0,0,0,2.4750000000000005
263,202101160buf,2021-01-16,20:15:00,18,2020,Baltimore Ravens,Buffalo Bills,20,0,560,1,1,0.0,6,50,0,20,0,1,1,2.4699999999999998
515,201812300gnb,2018-12-30,13:00:00,17,2018,Detroit Lions,Green Bay Packers,31,7,577,4,1,0.0,4,31,0,20,0,0,0,2.455
309,201809230jax,2018-09-23,13:00:00,3,2018,Tennessee Titans,Jacksonville Jaguars,15,6,465,0,1,0.0,6,35,0,20,0,1,1,2.455
533,201901200nor,2019-01-20,15:05:00,18,2018,Los Angeles Rams,New Orleans Saints,3,9,668,4,2,1.0,3,15,0,23,0,1,1,2.415
245,202101030cin,2021-01-03,13:00:00,17,2020,Baltimore Ravens,Cincinnati Bengals,41,0,720,5,3,0.0,0,0,0,22,0,0,0,2.38
199,202012130jax,2020-12-13,13:00:00,14,2020,Tennessee Titans,Jacksonville Jaguars,41,0,808,5,2,0.0,1,7,0,22,0,0,0,2.3750000000000004
167,202011290nyj,2020-11-29,13:00:00,12,2020,Miami Dolphins,New York Jets,23,7,605,2,4,0.0,7,40,0,22,0,0,0,2.3400000000000003
519,201812300was,2018-12-30,16:25:00,17,2018,Philadelphia Eagles,Washington Redskins,24,7,449,3,2,0.0,7,42,0,18,0,0,0,2.33
774,201912220chi,2019-12-22,20:20:00,16,2019,Kansas City Chiefs,Chicago Bears,29,9,584,3,0,0.0,4,31,0,16,0,0,0,2.315
525,201901050htx,2019-01-05,16:35:00,18,2018,Indianapolis Colts,Houston Texans,28,7,744,4,2,0.0,3,18,0,19,0,0,0,2.31
794,202001050nor,2020-01-05,13:05:00,18,2019,Minnesota Vikings,New Orleans Saints,6,10,686,5,3,,6,47,0,25,0,1,0,2.3049999999999997
54,202010040chi,2020-10-04,13:00:00,4,2020,Indianapolis Colts,Chicago Bears,30,11,558,2,1,0.0,2,12,0,22,0,0,0,2.2800000000000002
622,201910130ram,2019-10-13,16:05:00,6,2019,San Francisco 49ers,Los Angeles Rams,27,3,488,3,3,0.0,6,41,0,23,0,0,0,2.245
587,201909290atl,2019-09-29,13:00:00,4,2019,Tennessee Titans,Atlanta Falcons,34,0,787,4,1,0.0,5,33,0,22,0,0,0,2.2050000000000005
345,201810070htx,2018-10-07,20:20:00,5,2018,Dallas Cowboys,Houston Texans,3,6,754,2,4,0.0,3,15,0,25,0,1,1,2.1950000000000003
412,201811110rai,2018-11-11,16:05:00,10,2018,Los Angeles Chargers,Oakland Raiders,26,6,652,2,2,0.0,5,41,0,19,0,0,0,2.1649999999999996
337,201810070cle,2018-10-07,13:00:00,5,2018,Baltimore Ravens,Cleveland Browns,3,3,826,1,3,0.0,7,42,0,30,0,1,1,2.1300000000000003
222,202012200nyg,2020-12-20,20:20:00,15,2020,Cleveland Browns,New York Giants,26,10,680,3,0,0.0,2,18,0,15,0,0,0,2.11
454,201812020jax,2018-12-02,13:00:00,13,2018,Indianapolis Colts,Jacksonville Jaguars,6,3,476,0,3,0.0,6,42,0,22,0,1,1,2.11
369,201810210jax,2018-10-21,13:00:00,7,2018,Houston Texans,Jacksonville Jaguars,27,0,531,3,3,0.0,5,36,0,23,0,0,0,2.0
359,201810140oti,2018-10-14,16:25:00,6,2018,Baltimore Ravens,Tennessee Titans,21,0,467,3,1,1.0,11,66,0,19,0,0,0,1.9900000000000002
629,201910200was,2019-10-20,13:00:00,7,2019,San Francisco 49ers,Washington Redskins,9,6,437,0,2,0.0,5,32,0,16,0,0,1,1.9899999999999998
474,201812090crd,2018-12-09,16:25:00,14,2018,Detroit Lions,Arizona Cardinals,20,10,497,1,2,0.0,4,27,0,22,0,0,0,1.9549999999999998
208,202012170rai,2020-12-17,20:20:00,15,2020,Los Angeles Chargers,Las Vegas Raiders,9,7,851,7,1,1.0,2,11,0,19,0,1,0,1.945
567,201909160nyj,2019-09-16,20:15:00,2,2019,Cleveland Browns,New York Jets,26,0,637,2,2,0.0,7,52,0,24,0,0,0,1.94
795,202001050phi,2020-01-05,16:40:00,18,2019,Seattle Seahawks,Philadelphia Eagles,26,0,664,2,0,0.0,8,22,0,18,0,0,0,1.6700000000000002
480,201812160nyg,2018-12-16,13:00:00,15,2018,Tennessee Titans,New York Giants,17,3,561,2,2,0.0,4,24,0,20,0,0,0,1.5
